source,bundle_path,bytes,sha256,purpose,byte_identical
/home/wenyu/MJD/mjdbench/__init__.py,code/classic/MJD/mjdbench/__init__.py,658,bec93bbc363be0b3f3548fdd09f7c2390e5b58dc65eff3bd693d081a343c434c,Original dataset training/inference/preprocessing source; unmodified,True
/home/wenyu/MJD/mjdbench/config.py,code/classic/MJD/mjdbench/config.py,3073,0191cd20d1d41994a264dcd2902201a81842445bf2fd17fc34e829fbfc614638,Original dataset training/inference/preprocessing source; unmodified,True
/home/wenyu/MJD/mjdbench/data.py,code/classic/MJD/mjdbench/data.py,17690,1a92a9a0aebfd6b5ea5ee8bbaf11214d932f7add10df2fc75be1b21361d78b57,Original dataset training/inference/preprocessing source; unmodified,True
/home/wenyu/MJD/mjdbench/models.py,code/classic/MJD/mjdbench/models.py,2554,48075ab2346ffacc4c12a59376cdcd3f2b4dfd0867edaa2149d0a7c42852bad9,Original dataset training/inference/preprocessing source; unmodified,True
/home/wenyu/MJD/mjdbench/training.py,code/classic/MJD/mjdbench/training.py,17005,7af9e1e1cc886b416488338252ad1c5a9b911382528eb2c3c2121abccb5684d0,Original dataset training/inference/preprocessing source; unmodified,True
/home/wenyu/MJD/mjdbench/waveform_points.py,code/classic/MJD/mjdbench/waveform_points.py,6580,7399d81e54dda038f120522750cd2ef9ac902a663d111adf436e2565e070302b,Original dataset training/inference/preprocessing source; unmodified,True
/home/wenyu/MJD/mjdbench/workflow.py,code/classic/MJD/mjdbench/workflow.py,7020,c3bcdceffbf7c97e68aded5662d3a71ffffc386edbf566dd68aedb82063c0009,Original dataset training/inference/preprocessing source; unmodified,True
/home/wenyu/MJD/architectures/cnn_001_waveform/README.md,code/classic/MJD/architectures/cnn_001_waveform/README.md,564,51c3e26fb4bd616990c18583fb3c32f48e1d8843c678c10b6ad62fbf09c9064f,Original dataset training/inference/preprocessing source; unmodified,True
/home/wenyu/MJD/architectures/cnn_001_waveform/model.py,code/classic/MJD/architectures/cnn_001_waveform/model.py,564,c39a369ac778640daa105d962d49129b8d5ce15ad1b9a233110b276d8eaf6485,Original dataset training/inference/preprocessing source; unmodified,True
/home/wenyu/MJD/architectures/cnn_001_waveform/train_classification.py,code/classic/MJD/architectures/cnn_001_waveform/train_classification.py,678,35056dd1c658145c025b038b3655bda19f5842a69183b19041ba653aa2c2fc7c,Original dataset training/inference/preprocessing source; unmodified,True
/home/wenyu/MJD/architectures/cnn_001_waveform/train_regression.py,code/classic/MJD/architectures/cnn_001_waveform/train_regression.py,674,f06788236d9cc9b53a5ca103ee033a90aee2b8dcf727b572c46612e159688815,Original dataset training/inference/preprocessing source; unmodified,True
/home/wenyu/MJD/architectures/cnn_004_multiview_late_fusion/model.py,code/classic/MJD/architectures/cnn_004_multiview_late_fusion/model.py,9568,072fc1025dcca9bb41aeabda939696b02baa0736e27ec10b3ca3ae96df2ade61,Original dataset training/inference/preprocessing source; unmodified,True
/home/wenyu/MJD/architectures/cnn_004_multiview_late_fusion/train_classification.py,code/classic/MJD/architectures/cnn_004_multiview_late_fusion/train_classification.py,765,c7df1c4665635d207fcf4a9ee2c05e97f30036b87321b76498fb15b6599f561b,Original dataset training/inference/preprocessing source; unmodified,True
/home/wenyu/MJD/architectures/cnn_004_multiview_late_fusion/train_regression.py,code/classic/MJD/architectures/cnn_004_multiview_late_fusion/train_regression.py,761,0f3fa65532fc65fd8d179ebaff74ec2e1746d8c4c4fdf367e2112653f3d073a0,Original dataset training/inference/preprocessing source; unmodified,True
/home/wenyu/MJD/architectures/gnn_001_static_gine/model.py,code/classic/MJD/architectures/gnn_001_static_gine/model.py,6591,f35ec600caf067d93695ff25d2219ef7425e3bc59e69e3705d016306a832cee6,Original dataset training/inference/preprocessing source; unmodified,True
/home/wenyu/MJD/architectures/gnn_001_static_gine/train_classification.py,code/classic/MJD/architectures/gnn_001_static_gine/train_classification.py,755,729c89f6647326eb2f14470fa32df24ebc22205f335356e65aa815ea31058936,Original dataset training/inference/preprocessing source; unmodified,True
/home/wenyu/MJD/architectures/gnn_001_static_gine/train_regression.py,code/classic/MJD/architectures/gnn_001_static_gine/train_regression.py,751,e795e9dda533d5256628946bb25419667109c722c50349efe3b874f4bda59623,Original dataset training/inference/preprocessing source; unmodified,True
/home/wenyu/MJD/architectures/seq_001_bigru/model.py,code/classic/MJD/architectures/seq_001_bigru/model.py,4332,22d33a50221a08d3d5734f9c8734367ac5b8d5ce365f66ab44f8db1b1bb7a2d0,Original dataset training/inference/preprocessing source; unmodified,True
/home/wenyu/MJD/architectures/seq_001_bigru/train_classification.py,code/classic/MJD/architectures/seq_001_bigru/train_classification.py,749,cfc35a91e74a7726df7bb1eb15a53bb1711da9129c7e134c2b13b7940d2e6b7a,Original dataset training/inference/preprocessing source; unmodified,True
/home/wenyu/MJD/architectures/seq_001_bigru/train_regression.py,code/classic/MJD/architectures/seq_001_bigru/train_regression.py,745,988fac25d5a5fee8f26f6d77842694470d0c4ccb2d1234406c96dd33d76bc43f,Original dataset training/inference/preprocessing source; unmodified,True
/home/wenyu/MJD/architectures/ssm_001_pointmamba/model.py,code/classic/MJD/architectures/ssm_001_pointmamba/model.py,10515,b8186575889c34df9be659bfba376f1fbfb647baa7f2e6a663e3f0f88201de50,Original dataset training/inference/preprocessing source; unmodified,True
/home/wenyu/MJD/architectures/ssm_001_pointmamba/train_classification.py,code/classic/MJD/architectures/ssm_001_pointmamba/train_classification.py,754,563f2a36569fd254b9b574068f7583f36bb99a6437c5241bf45770ddc252cc8f,Original dataset training/inference/preprocessing source; unmodified,True
/home/wenyu/MJD/architectures/ssm_001_pointmamba/train_regression.py,code/classic/MJD/architectures/ssm_001_pointmamba/train_regression.py,750,75d827d9d6c4617a2afb7069178b53f370984b0f5ec8792cc01d6c10a9aff9ff,Original dataset training/inference/preprocessing source; unmodified,True
/home/wenyu/MJD/scripts/aggregate_all_model_results.py,code/classic/MJD/scripts/aggregate_all_model_results.py,5421,1346615756e7dc17172fdc2dd230460d5a28f0c8d8cac7512f33b9f4357e4439,Original dataset training/inference/preprocessing source; unmodified,True
/home/wenyu/MJD/scripts/inspect_data.py,code/classic/MJD/scripts/inspect_data.py,1548,ff33f102ab1366aa55578df279fc3827da1fb56d747bd48cf54281a4b7540d8e,Original dataset training/inference/preprocessing source; unmodified,True
/home/wenyu/MJD/scripts/run_checkpoint_inference.py,code/classic/MJD/scripts/run_checkpoint_inference.py,4025,e04db433a7e821a47cf263040189625b613d806450df5ac7fd25d38739f9750e,Original dataset training/inference/preprocessing source; unmodified,True
/home/wenyu/MJD/scripts/run_final_evaluations.py,code/classic/MJD/scripts/run_final_evaluations.py,9565,1cd844c2c9415c8c790ed6ff2ff57a8f7046cacbb538832440f780a0d1fd0910,Original dataset training/inference/preprocessing source; unmodified,True
/home/wenyu/MJD/tests/test_workflow.py,code/classic/MJD/tests/test_workflow.py,6010,930e63e9628066c0d25ebb3e01e5adc9ecedc7c39b1f9e0e86568d6bf6907482,Original dataset training/inference/preprocessing source; unmodified,True
/home/wenyu/MJD/README.md,code/classic/MJD/README.md,3496,5f407a3daf52b67395809888b90041b643323b0bc381ba28bf8e5aa6a18f63bb,Original documentation/dependency declaration; unmodified,True
/home/wenyu/MJD/requirements.txt,code/classic/MJD/requirements.txt,46,ee1f60dc09e5a34446f1eaca220e7a37d0089c9c75f130c167bb5d2d5bbc1335,Original documentation/dependency declaration; unmodified,True
/home/wenyu/MJD/pyproject.toml,code/classic/MJD/pyproject.toml,397,8c1e60f25e07a8288636ad181a93ff2d8077283771fc3f39549212f86b705642,Original documentation/dependency declaration; unmodified,True
/home/wenyu/MJD/requirements.txt,environments/classic/MJD/requirements.txt,46,ee1f60dc09e5a34446f1eaca220e7a37d0089c9c75f130c167bb5d2d5bbc1335,Original dependency declaration,True
/home/wenyu/MJD/outputs/classification/cnn_004_multiview_late_fusion/run_config.json,code/classic/MJD/run_records/classification/cnn_004_multiview_late_fusion/run_config.json,1262,5f1dc865107c460f9ed50fa5c2157b594aa599161d4871f23b968dfdf9e3c0cd,Selected paper run metadata; historical metrics are not final evaluator inputs,True
/home/wenyu/MJD/outputs/classification/cnn_004_multiview_late_fusion/history.json,code/classic/MJD/run_records/classification/cnn_004_multiview_late_fusion/history.json,16442,5b38f5be072e8989993795231663dbc5cfd688bf589d6a46e92e67ce38be2e54,Selected paper run metadata; historical metrics are not final evaluator inputs,True
/home/wenyu/MJD/outputs/classification/gnn_001_static_gine/run_config.json,code/classic/MJD/run_records/classification/gnn_001_static_gine/run_config.json,1352,d8eede5fcec5286b217cc9aa038bfb7ce652a97246f0e10a422cbb1a1e1fe705,Selected paper run metadata; historical metrics are not final evaluator inputs,True
/home/wenyu/MJD/outputs/classification/gnn_001_static_gine/history.json,code/classic/MJD/run_records/classification/gnn_001_static_gine/history.json,53226,7d7f2c4178704fe68752a3113563c9436bfa7b8d04225ebe41b6af45054fb416,Selected paper run metadata; historical metrics are not final evaluator inputs,True
/home/wenyu/MJD/outputs/classification/seq_001_bigru/run_config.json,code/classic/MJD/run_records/classification/seq_001_bigru/run_config.json,1108,e118b389c7c1e8649f172c802511cade5e7cb5e2dc7dbfd996d501d8a57e3704,Selected paper run metadata; historical metrics are not final evaluator inputs,True
/home/wenyu/MJD/outputs/classification/seq_001_bigru/history.json,code/classic/MJD/run_records/classification/seq_001_bigru/history.json,32812,a01541ef04b1505aac13db7632db49a960b1a010834cb15ec8a0f9165417c4c7,Selected paper run metadata; historical metrics are not final evaluator inputs,True
/home/wenyu/MJD/outputs/classification/ssm_001_pointmamba/run_config.json,code/classic/MJD/run_records/classification/ssm_001_pointmamba/run_config.json,1196,34c606987af0b99d36f6dac1e14f9e062d42e3119f42a2595becf00fa2936e03,Selected paper run metadata; historical metrics are not final evaluator inputs,True
/home/wenyu/MJD/outputs/classification/ssm_001_pointmamba/history.json,code/classic/MJD/run_records/classification/ssm_001_pointmamba/history.json,28860,9b4ffb26b20bd5e8d65858ed4363a9c93229c7c4775dde8794f475da5010385a,Selected paper run metadata; historical metrics are not final evaluator inputs,True
/home/wenyu/EXO200/exobench/__init__.py,code/classic/EXO200/exobench/__init__.py,638,e1ff8c419b24e8f8cb5e91dd5ddbe8b4484bb654133e3ea5bd5a9583533a4610,Original dataset training/inference/preprocessing source; unmodified,True
/home/wenyu/EXO200/exobench/config.py,code/classic/EXO200/exobench/config.py,6352,6713b07390c199c0a427ef6fc81f571afd7741c1a7f49915c20b3971167ced17,Original dataset training/inference/preprocessing source; unmodified,True
/home/wenyu/EXO200/exobench/data.py,code/classic/EXO200/exobench/data.py,34581,3945099f09592eaf94a1673008f9f9e549e715b37d015b0e5228ed4b419584cd,Original dataset training/inference/preprocessing source; unmodified,True
/home/wenyu/EXO200/exobench/models.py,code/classic/EXO200/exobench/models.py,2833,c26889a1f9fa6101c435eb1fb8cf99fd08b078e08c64d5f4b2f047fda0f55945,Original dataset training/inference/preprocessing source; unmodified,True
/home/wenyu/EXO200/exobench/training.py,code/classic/EXO200/exobench/training.py,13240,f57559d4832acc0c6899c1f08bb6cc6cd99d0ee839a972e1bd54b5637c3181a6,Original dataset training/inference/preprocessing source; unmodified,True
/home/wenyu/EXO200/exobench/waveform_points.py,code/classic/EXO200/exobench/waveform_points.py,7383,6b2f0c2e7ef20c85ac521e698329fa1765647e525fdc9784d86cba185119e3b9,Original dataset training/inference/preprocessing source; unmodified,True
/home/wenyu/EXO200/exobench/workflow.py,code/classic/EXO200/exobench/workflow.py,8172,91dbdbd4aa77faf8612609b37cf8e844e107021b039c429639e62fd0cd79b465,Original dataset training/inference/preprocessing source; unmodified,True
/home/wenyu/EXO200/architectures/cnn_001_waveform/model.py,code/classic/EXO200/architectures/cnn_001_waveform/model.py,624,21822e505259df02d6e22d220287d86cf73735fe5f142f9bc80c3f93b15978bd,Original dataset training/inference/preprocessing source; unmodified,True
/home/wenyu/EXO200/architectures/cnn_001_waveform/train_classification.py,code/classic/EXO200/architectures/cnn_001_waveform/train_classification.py,640,523703d35906872f2c33387b26e24b7f0f1412db0897846d5ff95b8953b68584,Original dataset training/inference/preprocessing source; unmodified,True
/home/wenyu/EXO200/architectures/cnn_004_multiview_late_fusion/model.py,code/classic/EXO200/architectures/cnn_004_multiview_late_fusion/model.py,9390,547009243b01559ca0d2ed2797417ff5c0302818ed36e605ecfa71f2e0d3ef09,Original dataset training/inference/preprocessing source; unmodified,True
/home/wenyu/EXO200/architectures/cnn_004_multiview_late_fusion/train_classification.py,code/classic/EXO200/architectures/cnn_004_multiview_late_fusion/train_classification.py,714,47a6a620d9a729a61056cb4b7bc6f0fcede45c58de1c4ba97d2440e24d50e25e,Original dataset training/inference/preprocessing source; unmodified,True
/home/wenyu/EXO200/architectures/gnn_001_static_gine/model.py,code/classic/EXO200/architectures/gnn_001_static_gine/model.py,6202,1d2cdb7e14e86bb6b376862212236fc2de8c2d28d0946945b9ba816d7f65bd14,Original dataset training/inference/preprocessing source; unmodified,True
/home/wenyu/EXO200/architectures/gnn_001_static_gine/train_classification.py,code/classic/EXO200/architectures/gnn_001_static_gine/train_classification.py,714,db28661093440845f34da19ff1e613a4e9549b831a985f456d12fbaf633d08a2,Original dataset training/inference/preprocessing source; unmodified,True
/home/wenyu/EXO200/architectures/seq_001_bigru/model.py,code/classic/EXO200/architectures/seq_001_bigru/model.py,4479,5f4ef3f741e0c7155b36b9c536654242fdd9daf6d8aae0c8fb1b401b955c5476,Original dataset training/inference/preprocessing source; unmodified,True
/home/wenyu/EXO200/architectures/seq_001_bigru/train_classification.py,code/classic/EXO200/architectures/seq_001_bigru/train_classification.py,717,6478fd35691fc95446cd58559b8443cbddf18950df17cb4a7440bab2ced697a5,Original dataset training/inference/preprocessing source; unmodified,True
/home/wenyu/EXO200/architectures/ssm_001_pointmamba/model.py,code/classic/EXO200/architectures/ssm_001_pointmamba/model.py,10691,7c65242ad74a04dce491a40b9878b9c78557575b0737d57dbd6b1009f7868536,Original dataset training/inference/preprocessing source; unmodified,True
/home/wenyu/EXO200/architectures/ssm_001_pointmamba/train_classification.py,code/classic/EXO200/architectures/ssm_001_pointmamba/train_classification.py,711,5821b2a500c603bfb119e430db5d1473b7b26557010a079a3de8c5703b56fd0f,Original dataset training/inference/preprocessing source; unmodified,True
/home/wenyu/EXO200/scripts/evaluate_final_models.py,code/classic/EXO200/scripts/evaluate_final_models.py,23512,8ea6bcbd783bbc9af6310621b8c164b64e0f39a9aad245a473ae1de0bb2f1cd2,Original dataset training/inference/preprocessing source; unmodified,True
/home/wenyu/EXO200/scripts/inspect_data.py,code/classic/EXO200/scripts/inspect_data.py,1566,2fdf1f2492b15e35616b3ca63231b9d52d4caef50acb27083eca447cd3debb3b,Original dataset training/inference/preprocessing source; unmodified,True
/home/wenyu/EXO200/scripts/run_energy_matched_evaluation.py,code/classic/EXO200/scripts/run_energy_matched_evaluation.py,12320,dc2f667bb628ff6adcd1c652045be192038dedbf2ef63b1aa27f337ebc4f887c,Original dataset training/inference/preprocessing source; unmodified,True
/home/wenyu/EXO200/README.md,code/classic/EXO200/README.md,4862,5da0cb79669657725746becc76d5e1c16d99e62162e74248246b7be7c72b0cba,Original documentation/dependency declaration; unmodified,True
/home/wenyu/EXO200/requirements.txt,code/classic/EXO200/requirements.txt,33,c145f39bd6078a1b27a7bfb02ba54fed3e77dc35a4df0bbdde49495aaf1e2223,Original documentation/dependency declaration; unmodified,True
/home/wenyu/EXO200/pyproject.toml,code/classic/EXO200/pyproject.toml,345,b0a8f3bb31c7e5f60bf78903cca238bd853cc849b0cf2f4657194a4fb59e4436,Original documentation/dependency declaration; unmodified,True
/home/wenyu/EXO200/requirements.txt,environments/classic/EXO200/requirements.txt,33,c145f39bd6078a1b27a7bfb02ba54fed3e77dc35a4df0bbdde49495aaf1e2223,Original dependency declaration,True
/home/wenyu/EXO200/outputs/classification/cnn_004_multiview_late_fusion/run_config.json,code/classic/EXO200/run_records/classification/cnn_004_multiview_late_fusion/run_config.json,2678,927c85f9533602f988ecb62e365b4b1c3a066d47bf382631346a7ff34adfc59c,Selected paper run metadata; historical metrics are not final evaluator inputs,True
/home/wenyu/EXO200/outputs/classification/cnn_004_multiview_late_fusion/history.json,code/classic/EXO200/run_records/classification/cnn_004_multiview_late_fusion/history.json,22253,268ee6038f70f838d4ec68ba9e0e62b8aaccee4529f99291fe8a27673efa917a,Selected paper run metadata; historical metrics are not final evaluator inputs,True
/home/wenyu/EXO200/outputs/classification/gnn_001_static_gine/run_config.json,code/classic/EXO200/run_records/classification/gnn_001_static_gine/run_config.json,2516,a6b79adb237227330601292e3d27a3f7fd22b68df019c103936a19bca126efaa,Selected paper run metadata; historical metrics are not final evaluator inputs,True
/home/wenyu/EXO200/outputs/classification/gnn_001_static_gine/history.json,code/classic/EXO200/run_records/classification/gnn_001_static_gine/history.json,50589,a142f3dfc2e89f40f0ef356bc20d8446d02c0bb0488529d1726a7e365de2669c,Selected paper run metadata; historical metrics are not final evaluator inputs,True
/home/wenyu/EXO200/outputs/classification/seq_001_bigru/run_config.json,code/classic/EXO200/run_records/classification/seq_001_bigru/run_config.json,2523,170e6da1386a6197e2c760b2880586e1e674ea91cf4867547d1817da158c1366,Selected paper run metadata; historical metrics are not final evaluator inputs,True
/home/wenyu/EXO200/outputs/classification/seq_001_bigru/history.json,code/classic/EXO200/run_records/classification/seq_001_bigru/history.json,36428,ab62eafbb5377201b679cbdf92086dc379d009d4fe4f23d6bf6a7cae035f86d1,Selected paper run metadata; historical metrics are not final evaluator inputs,True
/home/wenyu/EXO200/outputs/classification/ssm_001_pointmamba/run_config.json,code/classic/EXO200/run_records/classification/ssm_001_pointmamba/run_config.json,2612,9e9194b53ecc7153c56aa3cbd42274220c8199b24fdc4d1a68e368c099c28d45,Selected paper run metadata; historical metrics are not final evaluator inputs,True
/home/wenyu/EXO200/outputs/classification/ssm_001_pointmamba/history.json,code/classic/EXO200/run_records/classification/ssm_001_pointmamba/history.json,37434,8bf27e356d2388d549fa7e1849b644aa2cd663624e2dd71b649929f3bcf04a8f,Selected paper run metadata; historical metrics are not final evaluator inputs,True
/home/wenyu/SuperNEMO/supernemobench/__init__.py,code/classic/SuperNEMO/supernemobench/__init__.py,371,be8b6290fa1fb8d48c5fa6fd94375948ed4a05ee4bf798c148a96122a6b040f1,Original dataset training/inference/preprocessing source; unmodified,True
/home/wenyu/SuperNEMO/supernemobench/config.py,code/classic/SuperNEMO/supernemobench/config.py,18991,8216d9dd45b2879f1edac1968b9b40ad7e1cae90e6c8f80d1d61462ccf31f48b,Original dataset training/inference/preprocessing source; unmodified,True
/home/wenyu/SuperNEMO/supernemobench/data.py,code/classic/SuperNEMO/supernemobench/data.py,50523,c179d0df40598ba3f88a245c2eaac09ef9d3a71b7e2df3a6c64422fa69ea9886,Original dataset training/inference/preprocessing source; unmodified,True
/home/wenyu/SuperNEMO/supernemobench/evaluation.py,code/classic/SuperNEMO/supernemobench/evaluation.py,20097,87f881d6d5463a1a68b8f2a17a466628876c8beedfd283413a01214fe3bc18a1,Original dataset training/inference/preprocessing source; unmodified,True
/home/wenyu/SuperNEMO/supernemobench/models.py,code/classic/SuperNEMO/supernemobench/models.py,5998,a6d013c661eac019110fcdf53a0e4096194dd4be85a760de9cb897bb9ed0a11c,Original dataset training/inference/preprocessing source; unmodified,True
/home/wenyu/SuperNEMO/supernemobench/tokenization.py,code/classic/SuperNEMO/supernemobench/tokenization.py,15870,f0f4fb5b782751a1b46eb071c83aa1d2ba971db4d02916d98b60beb5579cf44b,Original dataset training/inference/preprocessing source; unmodified,True
/home/wenyu/SuperNEMO/supernemobench/training.py,code/classic/SuperNEMO/supernemobench/training.py,47217,589c248ec3f427cbfe81de4b6cfe41991a565d8f55975aaf94459f95c6207301,Original dataset training/inference/preprocessing source; unmodified,True
/home/wenyu/SuperNEMO/supernemobench/workflow.py,code/classic/SuperNEMO/supernemobench/workflow.py,15451,cb5e17914c01d4475cde753e0e3528e64559e756ceb2fc034d45daf1a4eeadbb,Original dataset training/inference/preprocessing source; unmodified,True
/home/wenyu/SuperNEMO/architectures/__init__.py,code/classic/SuperNEMO/architectures/__init__.py,1339,d92190664e372215e541a5b2a0c31bec8091082f6bc2bfbe684bf2552402ecc0,Original dataset training/inference/preprocessing source; unmodified,True
/home/wenyu/SuperNEMO/architectures/_point_sequence_common.py,code/classic/SuperNEMO/architectures/_point_sequence_common.py,7592,cc54e56037038f14d3c54865b61fbaff3c168afb3126e8bfebe44dd00bcb5e01,Original dataset training/inference/preprocessing source; unmodified,True
/home/wenyu/SuperNEMO/architectures/cnn_004_multiview_late_fusion.py,code/classic/SuperNEMO/architectures/cnn_004_multiview_late_fusion.py,8107,2bc86828bcb915f4e7e1bbc18f2d91c40116bf213e1dbeaa146fcbbdaebc2a22,Original dataset training/inference/preprocessing source; unmodified,True
/home/wenyu/SuperNEMO/architectures/gnn_001_static_gine.py,code/classic/SuperNEMO/architectures/gnn_001_static_gine.py,9044,a07c3edba6692bf758addc4742c4f3d6864ae254dabcaaeafedebf7b4b0699d6,Original dataset training/inference/preprocessing source; unmodified,True
/home/wenyu/SuperNEMO/architectures/seq_001_bigru.py,code/classic/SuperNEMO/architectures/seq_001_bigru.py,3877,0a46f63fc5060faf203a0f366a5fc84636a66e0ba2e1f045ec5c492649d43b2a,Original dataset training/inference/preprocessing source; unmodified,True
/home/wenyu/SuperNEMO/architectures/ssm_001_pointmamba.py,code/classic/SuperNEMO/architectures/ssm_001_pointmamba.py,10877,cd3587518a89a5c9e582633644dd223cad10a9c71c430bf67d99c3d4e202dc37,Original dataset training/inference/preprocessing source; unmodified,True
/home/wenyu/SuperNEMO/architectures/trf_001_tracker_transformer.py,code/classic/SuperNEMO/architectures/trf_001_tracker_transformer.py,9787,4d8d7119a3c633d1098b1cbeeccb98794d336518ba388631cf89f489711fc807,Original dataset training/inference/preprocessing source; unmodified,True
/home/wenyu/SuperNEMO/scripts/aggregate_classification_results.py,code/classic/SuperNEMO/scripts/aggregate_classification_results.py,10401,b92186d9075ad13b13a926deaa4f331a4fac38949a10b8fcc45c113c0f3d7391,Original dataset training/inference/preprocessing source; unmodified,True
/home/wenyu/SuperNEMO/tests/test_tracker_tokenization.py,code/classic/SuperNEMO/tests/test_tracker_tokenization.py,14741,fbdc05edff7d882230af5a9000de6464c03efef8ef7f9eebb4973bb4f7691f22,Original dataset training/inference/preprocessing source; unmodified,True
/home/wenyu/SuperNEMO/tests/test_transformer_workflow.py,code/classic/SuperNEMO/tests/test_transformer_workflow.py,24308,e97fb958ebfd490400af23ed0b0c408595cdae58426323ca43f91c51693d8c41,Original dataset training/inference/preprocessing source; unmodified,True
/home/wenyu/SuperNEMO/README.md,code/classic/SuperNEMO/README.md,9417,6936b1721104d06f31e27186c058564075c85c603516fb2b072e03dd81db215f,Original documentation/dependency declaration; unmodified,True
/home/wenyu/SuperNEMO/requirements.txt,code/classic/SuperNEMO/requirements.txt,17,98157f709a6f4908c5ce55ae3f32f1370bcfe725833b1f03f34988ccad1bfa38,Original documentation/dependency declaration; unmodified,True
/home/wenyu/SuperNEMO/pyproject.toml,code/classic/SuperNEMO/pyproject.toml,337,0ea0b176269b660056a47e7b2c6b35f0e150db53c409d9553f674d8b07a4956a,Original documentation/dependency declaration; unmodified,True
/home/wenyu/SuperNEMO/requirements.txt,environments/classic/SuperNEMO/requirements.txt,17,98157f709a6f4908c5ce55ae3f32f1370bcfe725833b1f03f34988ccad1bfa38,Original dependency declaration,True
/home/wenyu/SuperNEMO/outputs/classification/cnn_004_multiview_late_fusion/run_config.json,code/classic/SuperNEMO/run_records/classification/cnn_004_multiview_late_fusion/run_config.json,2091,30c4f280d65c88a1173ab9c8884e59d5ace1557336333385414dc692ba168615,Selected paper run metadata; historical metrics are not final evaluator inputs,True
/home/wenyu/SuperNEMO/outputs/classification/cnn_004_multiview_late_fusion/history.json,code/classic/SuperNEMO/run_records/classification/cnn_004_multiview_late_fusion/history.json,13780,dc9ca82ead97331dac0bf53c67641abfc9a0d5e94ed6b0f29a3f45e8e0b387f1,Selected paper run metadata; historical metrics are not final evaluator inputs,True
/home/wenyu/SuperNEMO/outputs/classification/gnn_001_static_gine/run_config.json,code/classic/SuperNEMO/run_records/classification/gnn_001_static_gine/run_config.json,2085,b2277862a2dbc687ccbabe4289d8ed352b2fd5918718a619067fd82875414f4d,Selected paper run metadata; historical metrics are not final evaluator inputs,True
/home/wenyu/SuperNEMO/outputs/classification/gnn_001_static_gine/history.json,code/classic/SuperNEMO/run_records/classification/gnn_001_static_gine/history.json,24666,92eeb734fac9d5c558dccccf302546f5ea26fb3063b0c36d8b7876edd5a1d619,Selected paper run metadata; historical metrics are not final evaluator inputs,True
/home/wenyu/SuperNEMO/outputs/classification/seq_001_bigru/run_config.json,code/classic/SuperNEMO/run_records/classification/seq_001_bigru/run_config.json,2097,5d6fd73a2c5e3b25cdb8949f980f270ee507651d351f37cf51fd2fb08ce2fb15,Selected paper run metadata; historical metrics are not final evaluator inputs,True
/home/wenyu/SuperNEMO/outputs/classification/seq_001_bigru/history.json,code/classic/SuperNEMO/run_records/classification/seq_001_bigru/history.json,8365,e5ec9ba54b6472dd33d5ee37d589be27879a0c4b2dd71e86ce7c14787e131c1e,Selected paper run metadata; historical metrics are not final evaluator inputs,True
/home/wenyu/SuperNEMO/outputs/classification/ssm_001_pointmamba/run_config.json,code/classic/SuperNEMO/run_records/classification/ssm_001_pointmamba/run_config.json,2188,b39531e0721089f81dae1f01834fdfcb8cc6f682faafa331d5ea9dd70254ebd6,Selected paper run metadata; historical metrics are not final evaluator inputs,True
/home/wenyu/SuperNEMO/outputs/classification/ssm_001_pointmamba/history.json,code/classic/SuperNEMO/run_records/classification/ssm_001_pointmamba/history.json,1957,5ad532b9b867c611863b92df6b7e578976e68a642e4b6866f47c1e2e64057d59,Selected paper run metadata; historical metrics are not final evaluator inputs,True
/home/wenyu/SuperNEMO/evaluation/supernemo_2nu_vs_bi214.json,code/classic/SuperNEMO/evaluation/supernemo_2nu_vs_bi214.json,1651,234699e1229fba716c8569e33ed1771f2e939b13730d082d68e37c337894b466,Historical native evaluation dependency; not the final paper metric authority,True
/home/wenyu/SuperNEMO/data/manifests/split_manifest.json,code/classic/SuperNEMO/run_records/split_manifest.json,160808,16e741f5687a89a1e890242ac3d9575ac34d54b4b6b291193ca118843e749603,Saved official source/locality-block split metadata; event-offset caches omitted,True
/home/wenyu/summer/01_code/architectures/ENERGYBENCH_WORKFLOW.md,code/classic/NEXT/01_code/architectures/ENERGYBENCH_WORKFLOW.md,3716,e44c614aa0653ecdc5321740a5754cb5411c83f0503d8b2f6614806e9d3a1274,Original NEXT architecture/training/inference dependency; historical evaluators retained without fixes,True
/home/wenyu/summer/01_code/architectures/aggregate_energybench_results.py,code/classic/NEXT/01_code/architectures/aggregate_energybench_results.py,21144,4ab5b8a28163cb88ee2cb6838e54cc56c2dcf45e9660230d41b369252da8949a,Original NEXT architecture/training/inference dependency; historical evaluators retained without fixes,True
/home/wenyu/summer/01_code/architectures/classic_001_topology_xgboost/README.md,code/classic/NEXT/01_code/architectures/classic_001_topology_xgboost/README.md,11067,a6211dc19ad4811372fa45303c42a75cb1d1a86157d5cbee16cd94f2979649c6,Original NEXT architecture/training/inference dependency; historical evaluators retained without fixes,True
/home/wenyu/summer/01_code/architectures/classic_001_topology_xgboost/README_EN.md,code/classic/NEXT/01_code/architectures/classic_001_topology_xgboost/README_EN.md,9777,974aaa92fc89cdd05d57d8e89643b270e7a79f4d0602bef7c6bd02fe7fcf381e,Original NEXT architecture/training/inference dependency; historical evaluators retained without fixes,True
/home/wenyu/summer/01_code/architectures/classic_001_topology_xgboost/config.yaml,code/classic/NEXT/01_code/architectures/classic_001_topology_xgboost/config.yaml,973,b2aa053d7e63ced50f0d5620bd53f3de4c25c3ad058a4a1309014c9aa9e35e48,Original NEXT architecture/training/inference dependency; historical evaluators retained without fixes,True
/home/wenyu/summer/01_code/architectures/classic_001_topology_xgboost/train_classification.py,code/classic/NEXT/01_code/architectures/classic_001_topology_xgboost/train_classification.py,547,02ae78ee6de7a93d2102063c361940a99e46871f10a71159fedd516f9fc0ec52,Original NEXT architecture/training/inference dependency; historical evaluators retained without fixes,True
/home/wenyu/summer/01_code/architectures/cnn_001_two_conv_baseline/README.md,code/classic/NEXT/01_code/architectures/cnn_001_two_conv_baseline/README.md,8537,8b541718377aff008f657a0603d2418f8d05481c720eb46ba9ca685b1d36b710,Original NEXT architecture/training/inference dependency; historical evaluators retained without fixes,True
/home/wenyu/summer/01_code/architectures/cnn_001_two_conv_baseline/train_classification.py,code/classic/NEXT/01_code/architectures/cnn_001_two_conv_baseline/train_classification.py,541,625e9c91eec6260a22a5c6bb9a0b7ac644c21fb8eb45b508f61b8007a03ecb54,Original NEXT architecture/training/inference dependency; historical evaluators retained without fixes,True
/home/wenyu/summer/01_code/architectures/cnn_001_two_conv_baseline/train_energy_regression.py,code/classic/NEXT/01_code/architectures/cnn_001_two_conv_baseline/train_energy_regression.py,540,8bcebd64348945230078b0ac79ca560a5918129f4809a502e2b76dfaef4f0608,Original NEXT architecture/training/inference dependency; historical evaluators retained without fixes,True
/home/wenyu/summer/01_code/architectures/cnn_002_global_energy_skip/README.md,code/classic/NEXT/01_code/architectures/cnn_002_global_energy_skip/README.md,6023,e2622973244aeb8e2c733927da355fcd2f6f756630a247dd79098f271d75624b,Original NEXT architecture/training/inference dependency; historical evaluators retained without fixes,True
/home/wenyu/summer/01_code/architectures/cnn_002_global_energy_skip/train_classification.py,code/classic/NEXT/01_code/architectures/cnn_002_global_energy_skip/train_classification.py,543,0f161f082736e277fa819c6f177cc3be8cf9ff6d677f90710992d2adc07b7395,Original NEXT architecture/training/inference dependency; historical evaluators retained without fixes,True
/home/wenyu/summer/01_code/architectures/cnn_002_global_energy_skip/train_energy_regression.py,code/classic/NEXT/01_code/architectures/cnn_002_global_energy_skip/train_energy_regression.py,542,df9c97383eac08927ef15503dd7433922db0f8636e8378453e7173c40e142759,Original NEXT architecture/training/inference dependency; historical evaluators retained without fixes,True
/home/wenyu/summer/01_code/architectures/cnn_002_global_energy_skip/train_energy_regression_large.py,code/classic/NEXT/01_code/architectures/cnn_002_global_energy_skip/train_energy_regression_large.py,46871,9b60ea444c09c932310ac097e162d41fe9e0c49ca0c31c637a13c557c2dc01e8,Original NEXT architecture/training/inference dependency; historical evaluators retained without fixes,True
/home/wenyu/summer/01_code/architectures/cnn_003_residual_spatial/README.md,code/classic/NEXT/01_code/architectures/cnn_003_residual_spatial/README.md,6464,b417fc4f88843d040aab90ba0490eeb4ab9139c5a7b9d76dee69eba384b68383,Original NEXT architecture/training/inference dependency; historical evaluators retained without fixes,True
/home/wenyu/summer/01_code/architectures/cnn_003_residual_spatial/train_classification.py,code/classic/NEXT/01_code/architectures/cnn_003_residual_spatial/train_classification.py,539,948967a0b43727bdb4c2275a287a01fe84227058cdffafbfd02d959ce1f5f717,Original NEXT architecture/training/inference dependency; historical evaluators retained without fixes,True
/home/wenyu/summer/01_code/architectures/cnn_003_residual_spatial/train_energy_regression.py,code/classic/NEXT/01_code/architectures/cnn_003_residual_spatial/train_energy_regression.py,9093,5d224bb52ba1ca846bc3d745030741c6a40a39c2ebe6866aad2b9fb8fe89fb0a,Original NEXT architecture/training/inference dependency; historical evaluators retained without fixes,True
/home/wenyu/summer/01_code/architectures/cnn_004_multiview_late_fusion/README.md,code/classic/NEXT/01_code/architectures/cnn_004_multiview_late_fusion/README.md,11872,83e7e7e8b90b010e03487107782945964ba6155a9e94b819a0719e504b4e2a8b,Original NEXT architecture/training/inference dependency; historical evaluators retained without fixes,True
/home/wenyu/summer/01_code/architectures/cnn_004_multiview_late_fusion/README_EN.md,code/classic/NEXT/01_code/architectures/cnn_004_multiview_late_fusion/README_EN.md,13393,cc7b3e604bceba1d517c7d77314a2cf76f5c13fde3884f4cd0204b1ff818b2bf,Original NEXT architecture/training/inference dependency; historical evaluators retained without fixes,True
/home/wenyu/summer/01_code/architectures/cnn_004_multiview_late_fusion/config.yaml,code/classic/NEXT/01_code/architectures/cnn_004_multiview_late_fusion/config.yaml,790,72729fe0a3bbc738178e63ac4e9e4c50429c168ffe2bc1ca7b843e161c9b1fa9,Original NEXT architecture/training/inference dependency; historical evaluators retained without fixes,True
/home/wenyu/summer/01_code/architectures/cnn_004_multiview_late_fusion/train_classification.py,code/classic/NEXT/01_code/architectures/cnn_004_multiview_late_fusion/train_classification.py,549,d01407e84021105f813670a48504f7491cc5824d3fbe8b802697b4fa44f5eab7,Original NEXT architecture/training/inference dependency; historical evaluators retained without fixes,True
/home/wenyu/summer/01_code/architectures/cnn_005_multiscale_projection/README.md,code/classic/NEXT/01_code/architectures/cnn_005_multiscale_projection/README.md,11639,ba397e86923cd33f19c26524b3086d4c7d0a743de501bd0dd751a23120b60f71,Original NEXT architecture/training/inference dependency; historical evaluators retained without fixes,True
/home/wenyu/summer/01_code/architectures/cnn_005_multiscale_projection/README_EN.md,code/classic/NEXT/01_code/architectures/cnn_005_multiscale_projection/README_EN.md,13102,8e1db4d2cb7d6f8eb32b5842e35ba29457f3258aad087d8e0e4625046c416a2c,Original NEXT architecture/training/inference dependency; historical evaluators retained without fixes,True
/home/wenyu/summer/01_code/architectures/cnn_005_multiscale_projection/config.yaml,code/classic/NEXT/01_code/architectures/cnn_005_multiscale_projection/config.yaml,833,8e50142195026945f1b183cf14c27b1cba0fce55969a3f016a510989b6d34f2a,Original NEXT architecture/training/inference dependency; historical evaluators retained without fixes,True
/home/wenyu/summer/01_code/architectures/cnn_005_multiscale_projection/train_classification.py,code/classic/NEXT/01_code/architectures/cnn_005_multiscale_projection/train_classification.py,549,6e531fb5a4e2f9c4a0d48653f4c283a37ae9d7a4ab7c5ffbbb35535b7aacad17,Original NEXT architecture/training/inference dependency; historical evaluators retained without fixes,True
/home/wenyu/summer/01_code/architectures/cnn_006_dense_3d_resnet/README.md,code/classic/NEXT/01_code/architectures/cnn_006_dense_3d_resnet/README.md,11033,639273e99e53ccfa686cdd17d3277e437f64cfba31e7d8a83897344a91e04412,Original NEXT architecture/training/inference dependency; historical evaluators retained without fixes,True
/home/wenyu/summer/01_code/architectures/cnn_006_dense_3d_resnet/README_EN.md,code/classic/NEXT/01_code/architectures/cnn_006_dense_3d_resnet/README_EN.md,12444,6948aa43f02e51e60aff3807d5ff81b08f329aec1bc3388635f2aa1b26cef2df,Original NEXT architecture/training/inference dependency; historical evaluators retained without fixes,True
/home/wenyu/summer/01_code/architectures/cnn_006_dense_3d_resnet/config.yaml,code/classic/NEXT/01_code/architectures/cnn_006_dense_3d_resnet/config.yaml,690,9ca614240bebab77df6c193737d4ed978073daaa4b5c55c07d338417f9550b93,Original NEXT architecture/training/inference dependency; historical evaluators retained without fixes,True
/home/wenyu/summer/01_code/architectures/cnn_006_dense_3d_resnet/train_classification.py,code/classic/NEXT/01_code/architectures/cnn_006_dense_3d_resnet/train_classification.py,537,04c61d09c7aeca723d19515c15bb4d1019cf29f8abbb2dc9c7593340bbfa10f3,Original NEXT architecture/training/inference dependency; historical evaluators retained without fixes,True
/home/wenyu/summer/01_code/architectures/energybench_campaign_autorecover.py,code/classic/NEXT/01_code/architectures/energybench_campaign_autorecover.py,7854,55f53c6c734ca923653fc69b5b24f411a5ba1a97a4163dab3425270487e2fc1e,Original NEXT architecture/training/inference dependency; historical evaluators retained without fixes,True
/home/wenyu/summer/01_code/architectures/energybench_campaign_status.py,code/classic/NEXT/01_code/architectures/energybench_campaign_status.py,3188,11ad498885bb83c193d54cd5f42eb58ae31847a368e9dfa6be4769e75c4be127,Original NEXT architecture/training/inference dependency; historical evaluators retained without fixes,True
/home/wenyu/summer/01_code/architectures/energybench_campaign_tmux.py,code/classic/NEXT/01_code/architectures/energybench_campaign_tmux.py,19870,52c48484deb3498c8d57cc7af9bffe7dc22d250c653da42446075db46419d3b2,Original NEXT architecture/training/inference dependency; historical evaluators retained without fixes,True
/home/wenyu/summer/01_code/architectures/gnn_001_static_gine/README.md,code/classic/NEXT/01_code/architectures/gnn_001_static_gine/README.md,13632,be8a4906f55f223248e5276b01a8b480978c262de71a7203f59b9e4eabe05e10,Original NEXT architecture/training/inference dependency; historical evaluators retained without fixes,True
/home/wenyu/summer/01_code/architectures/gnn_001_static_gine/README_EN.md,code/classic/NEXT/01_code/architectures/gnn_001_static_gine/README_EN.md,15123,4095765817b167b1023387542f03d17ca120d8a18e2fc8d90128ac973d970ad4,Original NEXT architecture/training/inference dependency; historical evaluators retained without fixes,True
/home/wenyu/summer/01_code/architectures/gnn_001_static_gine/config.yaml,code/classic/NEXT/01_code/architectures/gnn_001_static_gine/config.yaml,708,b856f385acd93f1bb66d33a176a1687812311e32fa2e17679ad7d487c3bd8bdf,Original NEXT architecture/training/inference dependency; historical evaluators retained without fixes,True
/home/wenyu/summer/01_code/architectures/gnn_001_static_gine/train_classification.py,code/classic/NEXT/01_code/architectures/gnn_001_static_gine/train_classification.py,529,a9ae3a9d2ba6e6fe712f0eed3b3f2507abc15baaa900b50d2a318dceb2248266,Original NEXT architecture/training/inference dependency; historical evaluators retained without fixes,True
/home/wenyu/summer/01_code/architectures/gnn_002_particlenet_edgeconv/README.md,code/classic/NEXT/01_code/architectures/gnn_002_particlenet_edgeconv/README.md,11834,21024064bc199e59c6df6f9b2ce536751878e65595a69dddbb6eab31948cdc7e,Original NEXT architecture/training/inference dependency; historical evaluators retained without fixes,True
/home/wenyu/summer/01_code/architectures/gnn_002_particlenet_edgeconv/README_EN.md,code/classic/NEXT/01_code/architectures/gnn_002_particlenet_edgeconv/README_EN.md,13411,16230661a8e7dc56ce3eb0eda925e9ba6bbb84e4d982617020ce5636462b1cdf,Original NEXT architecture/training/inference dependency; historical evaluators retained without fixes,True
/home/wenyu/summer/01_code/architectures/gnn_002_particlenet_edgeconv/config.yaml,code/classic/NEXT/01_code/architectures/gnn_002_particlenet_edgeconv/config.yaml,694,91b6fdc77ecbc85ec423874a3f695370cc4ad365e2531e19c454aceb5cc17903,Original NEXT architecture/training/inference dependency; historical evaluators retained without fixes,True
/home/wenyu/summer/01_code/architectures/gnn_002_particlenet_edgeconv/train_classification.py,code/classic/NEXT/01_code/architectures/gnn_002_particlenet_edgeconv/train_classification.py,547,285cf5dee4d4008e0a2240224df4a55a427d8f5b6133d1c06f74d3c548d87225,Original NEXT architecture/training/inference dependency; historical evaluators retained without fixes,True
/home/wenyu/summer/01_code/architectures/gnn_003_egnn/README.md,code/classic/NEXT/01_code/architectures/gnn_003_egnn/README.md,12055,7b62a4010cabbce83eb1fcea011337240b62a5e8aba205f9f29efcbb5d5e95aa,Original NEXT architecture/training/inference dependency; historical evaluators retained without fixes,True
/home/wenyu/summer/01_code/architectures/gnn_003_egnn/README_EN.md,code/classic/NEXT/01_code/architectures/gnn_003_egnn/README_EN.md,13654,6f2019a90244467e8ac639a098b637daae3493006a7faee85c3993707cb7e62c,Original NEXT architecture/training/inference dependency; historical evaluators retained without fixes,True
/home/wenyu/summer/01_code/architectures/gnn_003_egnn/config.yaml,code/classic/NEXT/01_code/architectures/gnn_003_egnn/config.yaml,722,4283665102856bc92da43689b8a77bd2b5010720d562bcf81c479b5ad37481ea,Original NEXT architecture/training/inference dependency; historical evaluators retained without fixes,True
/home/wenyu/summer/01_code/architectures/gnn_003_egnn/train_classification.py,code/classic/NEXT/01_code/architectures/gnn_003_egnn/train_classification.py,515,b7a4e0431e3edab1e2218b3df4de44571e6ad45248e0d7708a78f27b71ff7169,Original NEXT architecture/training/inference dependency; historical evaluators retained without fixes,True
/home/wenyu/summer/01_code/architectures/gnn_004_gravnet/README.md,code/classic/NEXT/01_code/architectures/gnn_004_gravnet/README.md,11652,8c89cd089f8615b460d1526ae765bdca17456e438195d3a89ee35ccbdf7c671c,Original NEXT architecture/training/inference dependency; historical evaluators retained without fixes,True
/home/wenyu/summer/01_code/architectures/gnn_004_gravnet/README_EN.md,code/classic/NEXT/01_code/architectures/gnn_004_gravnet/README_EN.md,13132,cc9e993c7e336e45f89c5f67cb0bbc7152cee26f735d20da28c133fd89f8cc5e,Original NEXT architecture/training/inference dependency; historical evaluators retained without fixes,True
/home/wenyu/summer/01_code/architectures/gnn_004_gravnet/config.yaml,code/classic/NEXT/01_code/architectures/gnn_004_gravnet/config.yaml,721,94e1bfc75d704c106c77c2ad6378711a330fa04248941478e1c72593b478c295,Original NEXT architecture/training/inference dependency; historical evaluators retained without fixes,True
/home/wenyu/summer/01_code/architectures/gnn_004_gravnet/train_classification.py,code/classic/NEXT/01_code/architectures/gnn_004_gravnet/train_classification.py,521,614935f2319d988096c96c7a3418f58ececa7404af46e9677ba76e6725fe038f,Original NEXT architecture/training/inference dependency; historical evaluators retained without fixes,True
/home/wenyu/summer/01_code/architectures/gnn_005_dimenet_lite/README.md,code/classic/NEXT/01_code/architectures/gnn_005_dimenet_lite/README.md,9089,24efa4d0a523337391e991a87386d6929e0e6d6cced14f68ee585a7a5b00f992,Original NEXT architecture/training/inference dependency; historical evaluators retained without fixes,True
/home/wenyu/summer/01_code/architectures/gnn_005_dimenet_lite/README_EN.md,code/classic/NEXT/01_code/architectures/gnn_005_dimenet_lite/README_EN.md,8036,4cebd3050688a8784331e6062ea20f3d37e5a3d2d564a819bfb5fd368e340241,Original NEXT architecture/training/inference dependency; historical evaluators retained without fixes,True
/home/wenyu/summer/01_code/architectures/gnn_005_dimenet_lite/config.yaml,code/classic/NEXT/01_code/architectures/gnn_005_dimenet_lite/config.yaml,756,96ae8990d62415ba0bb62e704f48b1e98edd866db8ff0ad8abb1e359abf90a45,Original NEXT architecture/training/inference dependency; historical evaluators retained without fixes,True
/home/wenyu/summer/01_code/architectures/gnn_005_dimenet_lite/train_classification.py,code/classic/NEXT/01_code/architectures/gnn_005_dimenet_lite/train_classification.py,531,d128c7bb3b187d82560fab5727e621451bda712065713a16360155595ef28a3d,Original NEXT architecture/training/inference dependency; historical evaluators retained without fixes,True
/home/wenyu/summer/01_code/architectures/hybrid_001_cnn_gnn/README.md,code/classic/NEXT/01_code/architectures/hybrid_001_cnn_gnn/README.md,13422,390584f847dee7fe3a07e5105fdd06351ad57ae406aabdf6c394ed17ce3ca3c9,Original NEXT architecture/training/inference dependency; historical evaluators retained without fixes,True
/home/wenyu/summer/01_code/architectures/hybrid_001_cnn_gnn/README_EN.md,code/classic/NEXT/01_code/architectures/hybrid_001_cnn_gnn/README_EN.md,15458,8225a3a1e298a534e206559e6983ae5d91de565b5946973016ff44ae1c5e4ba1,Original NEXT architecture/training/inference dependency; historical evaluators retained without fixes,True
/home/wenyu/summer/01_code/architectures/hybrid_001_cnn_gnn/config.yaml,code/classic/NEXT/01_code/architectures/hybrid_001_cnn_gnn/config.yaml,914,f1aa36ec78a20cd5b5397cfeedb2ecfce7e79f390da05f9eb62012ec24bf355d,Original NEXT architecture/training/inference dependency; historical evaluators retained without fixes,True
/home/wenyu/summer/01_code/architectures/hybrid_001_cnn_gnn/train_classification.py,code/classic/NEXT/01_code/architectures/hybrid_001_cnn_gnn/train_classification.py,527,4071956a3e72b76f3b14139e8381ade21f65d9efa9accc08d93dd840344fa3fb,Original NEXT architecture/training/inference dependency; historical evaluators retained without fixes,True
/home/wenyu/summer/01_code/architectures/mixer_001_projection_mlp_mixer/README.md,code/classic/NEXT/01_code/architectures/mixer_001_projection_mlp_mixer/README.md,9607,ade36dc485e3d5dca55ccd9cda80da9c61d40ac79f8fc098ce2250533d7f1e1e,Original NEXT architecture/training/inference dependency; historical evaluators retained without fixes,True
/home/wenyu/summer/01_code/architectures/mixer_001_projection_mlp_mixer/README_EN.md,code/classic/NEXT/01_code/architectures/mixer_001_projection_mlp_mixer/README_EN.md,8199,2beada6184eaa213aeb68a6be120a130e2b0e251df41ffc5a979a858899b9bc5,Original NEXT architecture/training/inference dependency; historical evaluators retained without fixes,True
/home/wenyu/summer/01_code/architectures/mixer_001_projection_mlp_mixer/config.yaml,code/classic/NEXT/01_code/architectures/mixer_001_projection_mlp_mixer/config.yaml,898,6303ad50a437f8a6ed90c701ae09aa628dd111c5ee6298b8b7697d7c0609b034,Original NEXT architecture/training/inference dependency; historical evaluators retained without fixes,True
/home/wenyu/summer/01_code/architectures/mixer_001_projection_mlp_mixer/train_classification.py,code/classic/NEXT/01_code/architectures/mixer_001_projection_mlp_mixer/train_classification.py,551,b3c11173c0aebc2d99ffa94d99a59f9ccea8ea54c41903ef75e6aba978067206,Original NEXT architecture/training/inference dependency; historical evaluators retained without fixes,True
/home/wenyu/summer/01_code/architectures/monitor_nontransformer_training.sh,code/classic/NEXT/01_code/architectures/monitor_nontransformer_training.sh,905,15469ddb0ae0daeed8c74961cd212ce4da2b93af10f82f57c8baf8857e5e8f6f,Original NEXT architecture/training/inference dependency; historical evaluators retained without fixes,True
/home/wenyu/summer/01_code/architectures/nontransformer_campaign.py,code/classic/NEXT/01_code/architectures/nontransformer_campaign.py,22201,c77cb4ac49d3d44d02924377c250e8ccda5650b25a4c0bf7389fb2e46e2f1fd4,Original NEXT architecture/training/inference dependency; historical evaluators retained without fixes,True
/home/wenyu/summer/01_code/architectures/nontransformer_campaign_status.py,code/classic/NEXT/01_code/architectures/nontransformer_campaign_status.py,2343,d4a1b43bd372814f1efa47e3e6cecae4b6bc914a4e80c7f8b00d239c635fb1e7,Original NEXT architecture/training/inference dependency; historical evaluators retained without fixes,True
/home/wenyu/summer/01_code/architectures/point_001_deepsets/README.md,code/classic/NEXT/01_code/architectures/point_001_deepsets/README.md,12553,820f96db26d1383b96d15b34ec889cd5e55792ec032eced7bb6dfbb1188d6412,Original NEXT architecture/training/inference dependency; historical evaluators retained without fixes,True
/home/wenyu/summer/01_code/architectures/point_001_deepsets/README_EN.md,code/classic/NEXT/01_code/architectures/point_001_deepsets/README_EN.md,14190,45a508b24473a554603e9aa871a596e3fa91c179c6fb76fb2ddffc718c3b3469,Original NEXT architecture/training/inference dependency; historical evaluators retained without fixes,True
/home/wenyu/summer/01_code/architectures/point_001_deepsets/config.yaml,code/classic/NEXT/01_code/architectures/point_001_deepsets/config.yaml,685,07ad2c4918d6e96ae8239866bf6d58da404b06baf89f8116a3ccc884caa4a4fa,Original NEXT architecture/training/inference dependency; historical evaluators retained without fixes,True
/home/wenyu/summer/01_code/architectures/point_001_deepsets/train_classification.py,code/classic/NEXT/01_code/architectures/point_001_deepsets/train_classification.py,527,73928084461165867b49af6d53128789ba774590b80d244651d1d0d8d62f7424,Original NEXT architecture/training/inference dependency; historical evaluators retained without fixes,True
/home/wenyu/summer/01_code/architectures/point_002_pointnetpp/README.md,code/classic/NEXT/01_code/architectures/point_002_pointnetpp/README.md,12730,8b20d7749d00e06bbec019b0f0a3fcb1adc04498b0b916b79b3cb816f1e9ff3c,Original NEXT architecture/training/inference dependency; historical evaluators retained without fixes,True
/home/wenyu/summer/01_code/architectures/point_002_pointnetpp/README_EN.md,code/classic/NEXT/01_code/architectures/point_002_pointnetpp/README_EN.md,14079,15f818e01f555f0e549f72d8893ab9cbbd860f9ae2ddd6aa63fec00864e5f3bb,Original NEXT architecture/training/inference dependency; historical evaluators retained without fixes,True
/home/wenyu/summer/01_code/architectures/point_002_pointnetpp/config.yaml,code/classic/NEXT/01_code/architectures/point_002_pointnetpp/config.yaml,750,910e31e254d8f0578d4bb81dff5fc74f67488fd9cd1a83b96096024cee465868,Original NEXT architecture/training/inference dependency; historical evaluators retained without fixes,True
/home/wenyu/summer/01_code/architectures/point_002_pointnetpp/train_classification.py,code/classic/NEXT/01_code/architectures/point_002_pointnetpp/train_classification.py,531,66f8016822b234ff65e4bc00df2ca17a1911b11b743ab2f9e67c9e8d82ac3808,Original NEXT architecture/training/inference dependency; historical evaluators retained without fixes,True
/home/wenyu/summer/01_code/architectures/point_003_pointmlp/README.md,code/classic/NEXT/01_code/architectures/point_003_pointmlp/README.md,8865,1cd535e0c7ff4446035423e2aceb0f52d117e19fe61c36b5d6e9e42db00d4753,Original NEXT architecture/training/inference dependency; historical evaluators retained without fixes,True
/home/wenyu/summer/01_code/architectures/point_003_pointmlp/README_EN.md,code/classic/NEXT/01_code/architectures/point_003_pointmlp/README_EN.md,8504,101ad304ff8f587f7178782a8c56bec4f2a4f4236833b33d8957a50cabeb3415,Original NEXT architecture/training/inference dependency; historical evaluators retained without fixes,True
/home/wenyu/summer/01_code/architectures/point_003_pointmlp/config.yaml,code/classic/NEXT/01_code/architectures/point_003_pointmlp/config.yaml,703,96bbca3850ea677dbce1c0bde945a7eda4aad51f46accf626565f84b3691138e,Original NEXT architecture/training/inference dependency; historical evaluators retained without fixes,True
/home/wenyu/summer/01_code/architectures/point_003_pointmlp/train_classification.py,code/classic/NEXT/01_code/architectures/point_003_pointmlp/train_classification.py,527,a9c22d6120bc632fe9df2d8620e3afcfc35960729932013f3d05999290f77d31,Original NEXT architecture/training/inference dependency; historical evaluators retained without fixes,True
/home/wenyu/summer/01_code/architectures/point_004_rigid_kpconv/README.md,code/classic/NEXT/01_code/architectures/point_004_rigid_kpconv/README.md,9638,708b07fcab499276ce487f3d999164e52eaa90557bec86249a05c60b1f52858a,Original NEXT architecture/training/inference dependency; historical evaluators retained without fixes,True
/home/wenyu/summer/01_code/architectures/point_004_rigid_kpconv/README_EN.md,code/classic/NEXT/01_code/architectures/point_004_rigid_kpconv/README_EN.md,7782,c85cb5b1c4e3c083546913bfe175fa430b232b7f4247a19817949eb4df66002e,Original NEXT architecture/training/inference dependency; historical evaluators retained without fixes,True
/home/wenyu/summer/01_code/architectures/point_004_rigid_kpconv/config.yaml,code/classic/NEXT/01_code/architectures/point_004_rigid_kpconv/config.yaml,823,a11297ce13873428413dd503dc1a8224471141c1aaa2cbe98d1cde7153b41b83,Original NEXT architecture/training/inference dependency; historical evaluators retained without fixes,True
/home/wenyu/summer/01_code/architectures/point_004_rigid_kpconv/train_classification.py,code/classic/NEXT/01_code/architectures/point_004_rigid_kpconv/train_classification.py,535,489bd3cbd624078c4bd4da384265725d886b89a9cc98994002e71fca6f1db246,Original NEXT architecture/training/inference dependency; historical evaluators retained without fixes,True
/home/wenyu/summer/01_code/architectures/run_alternative_evaluation_queue.sh,code/classic/NEXT/01_code/architectures/run_alternative_evaluation_queue.sh,3919,50f52bfab2ddeb56a2539a329978746f421133fdf825eb105d9b0a2798e9b706,Original NEXT architecture/training/inference dependency; historical evaluators retained without fixes,True
/home/wenyu/summer/01_code/architectures/run_alternative_training_queue.sh,code/classic/NEXT/01_code/architectures/run_alternative_training_queue.sh,1384,6d6c69f66b9e594d6df739a4e8bbe4466da863581d17756385dcccb0a5a99c88,Original NEXT architecture/training/inference dependency; historical evaluators retained without fixes,True
/home/wenyu/summer/01_code/architectures/run_energybench_campaign.py,code/classic/NEXT/01_code/architectures/run_energybench_campaign.py,17928,2049cfece1c4ede179b5644e844187bc801588aed9683e3659f7df6cc434f49d,Original NEXT architecture/training/inference dependency; historical evaluators retained without fixes,True
/home/wenyu/summer/01_code/architectures/run_energybench_reevaluation.py,code/classic/NEXT/01_code/architectures/run_energybench_reevaluation.py,11950,04780f7cc09a6d9477560e5add0fd3542693fe67c68e996279ed12ed698e306a,Original NEXT architecture/training/inference dependency; historical evaluators retained without fixes,True
/home/wenyu/summer/01_code/architectures/run_nontransformer_evaluation_queue.sh,code/classic/NEXT/01_code/architectures/run_nontransformer_evaluation_queue.sh,4206,02aec58d60e8b16a08086256376c15abb2b58ec0d3cfe3e5c71bf0187ea98025,Original NEXT architecture/training/inference dependency; historical evaluators retained without fixes,True
/home/wenyu/summer/01_code/architectures/run_nontransformer_training_queue.sh,code/classic/NEXT/01_code/architectures/run_nontransformer_training_queue.sh,381,0dc8cc44958f846d1229d819ddb0c423bc2a4d529ee4168f393b02e31bfc702e,Original NEXT architecture/training/inference dependency; historical evaluators retained without fixes,True
/home/wenyu/summer/01_code/architectures/seq_001_bigru/README.md,code/classic/NEXT/01_code/architectures/seq_001_bigru/README.md,8610,424aeb808606ad17f0147b3a1378fadff0cc15f25f5222206a9534650058d618,Original NEXT architecture/training/inference dependency; historical evaluators retained without fixes,True
/home/wenyu/summer/01_code/architectures/seq_001_bigru/README_EN.md,code/classic/NEXT/01_code/architectures/seq_001_bigru/README_EN.md,8166,2720da360441ca00073f0351bfa775c2ff9fd7ba67592f28ef578aa2e9474106,Original NEXT architecture/training/inference dependency; historical evaluators retained without fixes,True
/home/wenyu/summer/01_code/architectures/seq_001_bigru/config.yaml,code/classic/NEXT/01_code/architectures/seq_001_bigru/config.yaml,714,e092094ac05bc8631b4438ead7ef26ffc70c76d14637bbf8340a19c92f3da659,Original NEXT architecture/training/inference dependency; historical evaluators retained without fixes,True
/home/wenyu/summer/01_code/architectures/seq_001_bigru/train_classification.py,code/classic/NEXT/01_code/architectures/seq_001_bigru/train_classification.py,517,279dd7eb8654042e9c9f2336e46b3b23b1cf8fd663477cd7311e5070785f2380,Original NEXT architecture/training/inference dependency; historical evaluators retained without fixes,True
/home/wenyu/summer/01_code/architectures/seq_002_dilated_tcn/README.md,code/classic/NEXT/01_code/architectures/seq_002_dilated_tcn/README.md,8015,c6f88dd1475b958cb65fd651bbe3172f7fb2ee8ba4f297307c2a651dd4955e39,Original NEXT architecture/training/inference dependency; historical evaluators retained without fixes,True
/home/wenyu/summer/01_code/architectures/seq_002_dilated_tcn/README_EN.md,code/classic/NEXT/01_code/architectures/seq_002_dilated_tcn/README_EN.md,7832,9281720295c5dbd56ba4c734fecd23b51533e8afc6b89c04aaf7d45c68826449,Original NEXT architecture/training/inference dependency; historical evaluators retained without fixes,True
/home/wenyu/summer/01_code/architectures/seq_002_dilated_tcn/config.yaml,code/classic/NEXT/01_code/architectures/seq_002_dilated_tcn/config.yaml,736,fbce96ac57d0c0e88b602e66ef03d71fc9c4943affe9b528929f32af70dce5c0,Original NEXT architecture/training/inference dependency; historical evaluators retained without fixes,True
/home/wenyu/summer/01_code/architectures/seq_002_dilated_tcn/train_classification.py,code/classic/NEXT/01_code/architectures/seq_002_dilated_tcn/train_classification.py,529,77eae38ad8174e45fc9b92f306a398ae1e023b047fd5ff7f7954f6aac40fb4c4,Original NEXT architecture/training/inference dependency; historical evaluators retained without fixes,True
/home/wenyu/summer/01_code/architectures/sparse_001_submanifold_resnet/README.md,code/classic/NEXT/01_code/architectures/sparse_001_submanifold_resnet/README.md,10104,94c39ef984fae5e3e1448379dffeccb870e086ced0b360efb8b38bf337ad0e9e,Original NEXT architecture/training/inference dependency; historical evaluators retained without fixes,True
/home/wenyu/summer/01_code/architectures/sparse_001_submanifold_resnet/README_EN.md,code/classic/NEXT/01_code/architectures/sparse_001_submanifold_resnet/README_EN.md,8318,d990975ad8a81c5ad3758796bdb64339c2a83fadc8413bc66def3feb7edeb2f8,Original NEXT architecture/training/inference dependency; historical evaluators retained without fixes,True
/home/wenyu/summer/01_code/architectures/sparse_001_submanifold_resnet/config.yaml,code/classic/NEXT/01_code/architectures/sparse_001_submanifold_resnet/config.yaml,747,ee229cea6b1623a45bdee18790b21e94abde7e234c570249a5833c0e902410b9,Original NEXT architecture/training/inference dependency; historical evaluators retained without fixes,True
/home/wenyu/summer/01_code/architectures/sparse_001_submanifold_resnet/train_classification.py,code/classic/NEXT/01_code/architectures/sparse_001_submanifold_resnet/train_classification.py,549,6fff3db61828749029a2b56fc77259784c40ba3691f69b201ff02ad44a295da8,Original NEXT architecture/training/inference dependency; historical evaluators retained without fixes,True
/home/wenyu/summer/01_code/architectures/ssm_001_pointmamba/README.md,code/classic/NEXT/01_code/architectures/ssm_001_pointmamba/README.md,11027,f3fb7731fe0e36654319e4af3362d614b42f381d90bbb5ce3d993ff2ca85d232,Original NEXT architecture/training/inference dependency; historical evaluators retained without fixes,True
/home/wenyu/summer/01_code/architectures/ssm_001_pointmamba/README_EN.md,code/classic/NEXT/01_code/architectures/ssm_001_pointmamba/README_EN.md,10514,ddc39eb5f7e2ffeab628001a83fbed218a5bd7cf640e7097fa7d325c5fa79e9a,Original NEXT architecture/training/inference dependency; historical evaluators retained without fixes,True
/home/wenyu/summer/01_code/architectures/ssm_001_pointmamba/config.yaml,code/classic/NEXT/01_code/architectures/ssm_001_pointmamba/config.yaml,783,e32a4f859efb20b74e59681b53bd21bd06aaa7e1ab47f360419f15a1b9bfc974,Original NEXT architecture/training/inference dependency; historical evaluators retained without fixes,True
/home/wenyu/summer/01_code/architectures/ssm_001_pointmamba/train_classification.py,code/classic/NEXT/01_code/architectures/ssm_001_pointmamba/train_classification.py,527,dd8f53196d006cfe3981905d3fd27473dc09474dd772e92495a5866e7114303f,Original NEXT architecture/training/inference dependency; historical evaluators retained without fixes,True
/home/wenyu/summer/01_code/architectures/topo_001_persistence_perslay/README.md,code/classic/NEXT/01_code/architectures/topo_001_persistence_perslay/README.md,9377,dd8aec91bf03bb0e23db039b0235d4e4d4142e97944445adb8a6e807429405fa,Original NEXT architecture/training/inference dependency; historical evaluators retained without fixes,True
/home/wenyu/summer/01_code/architectures/topo_001_persistence_perslay/README_EN.md,code/classic/NEXT/01_code/architectures/topo_001_persistence_perslay/README_EN.md,8353,f99a024c5349e03651ae4952e6a2144b707eb4522b2a3176559c67d870c7d2c7,Original NEXT architecture/training/inference dependency; historical evaluators retained without fixes,True
/home/wenyu/summer/01_code/architectures/topo_001_persistence_perslay/config.yaml,code/classic/NEXT/01_code/architectures/topo_001_persistence_perslay/config.yaml,728,a56db09be674c5b436e8ace7822cd568ff8b8c4c459453ff2c7fd20f6e6bf0a6,Original NEXT architecture/training/inference dependency; historical evaluators retained without fixes,True
/home/wenyu/summer/01_code/architectures/topo_001_persistence_perslay/train_classification.py,code/classic/NEXT/01_code/architectures/topo_001_persistence_perslay/train_classification.py,547,d94e1d847ccf6c4a352de00e2ec91444355241f920110da319df6ec3279c4017,Original NEXT architecture/training/inference dependency; historical evaluators retained without fixes,True
/home/wenyu/summer/01_code/architectures/workflow_data.py,code/classic/NEXT/01_code/architectures/workflow_data.py,17584,ad5113784ad4cc6ae0ebc69dda99549e4ed2bc3f8bfdd8fa6d5c0fd981913c62,Original NEXT architecture/training/inference dependency; historical evaluators retained without fixes,True
/home/wenyu/summer/01_code/architectures/workflow_models.py,code/classic/NEXT/01_code/architectures/workflow_models.py,20897,248240207353d6cfed8b10d6a871fb77e68ce29b8bf2889179b1566ab3561778,Original NEXT architecture/training/inference dependency; historical evaluators retained without fixes,True
/home/wenyu/summer/01_code/architectures/workflow_runner.py,code/classic/NEXT/01_code/architectures/workflow_runner.py,21120,044fc4c252079a68b8c7f2c99d98271e88849dd2f607f5965f87512c778bf43a,Original NEXT architecture/training/inference dependency; historical evaluators retained without fixes,True
/home/wenyu/summer/src/next_alt/__init__.py,code/classic/NEXT/src/next_alt/__init__.py,504,470261d9345e534bc0507b13ea32ff5737ef0b65f721ee0b42a7e26dd821265e,Original NEXT architecture/training/inference dependency; historical evaluators retained without fixes,True
/home/wenyu/summer/src/next_alt/adapter.py,code/classic/NEXT/src/next_alt/adapter.py,19918,dcf26edfb1def75f9cb7e44192bcaf07b07223fbb17604f2505fa89480ef0172,Original NEXT architecture/training/inference dependency; historical evaluators retained without fixes,True
/home/wenyu/summer/src/next_alt/checkpoint.py,code/classic/NEXT/src/next_alt/checkpoint.py,7329,65a1d8b3ecd306a958946d888575d0e4ca622aba9a3d8bbdfb13f7e86d1bad6e,Original NEXT architecture/training/inference dependency; historical evaluators retained without fixes,True
/home/wenyu/summer/src/next_alt/classic_adapter.py,code/classic/NEXT/src/next_alt/classic_adapter.py,14299,95d220d1c933f5a70b98384d2123e452584164f758b4a5e871ca24b6a5750278,Original NEXT architecture/training/inference dependency; historical evaluators retained without fixes,True
/home/wenyu/summer/src/next_alt/config.py,code/classic/NEXT/src/next_alt/config.py,10680,3180f8fe7490c3748400bd81505c74232e61947e15197e4bdea8925db9c7c9ca,Original NEXT architecture/training/inference dependency; historical evaluators retained without fixes,True
/home/wenyu/summer/src/next_alt/data.py,code/classic/NEXT/src/next_alt/data.py,28478,eb17e5c06a2201ab0b67992c56954956f26a24586c9c981c00b4d5ceeaf608ed,Original NEXT architecture/training/inference dependency; historical evaluators retained without fixes,True
/home/wenyu/summer/src/next_alt/metrics.py,code/classic/NEXT/src/next_alt/metrics.py,6515,2ce73e1c91874b5239b83693efc4ac8564c575ade8c33ad8d6ea14b81e361dc3,Original NEXT architecture/training/inference dependency; historical evaluators retained without fixes,True
/home/wenyu/summer/src/next_alt/models/__init__.py,code/classic/NEXT/src/next_alt/models/__init__.py,77,7eb28eb1b9b1f0d4c25653eefbaf05a7765605c5d84c06dfa4fc41089c40ac85,Original NEXT architecture/training/inference dependency; historical evaluators retained without fixes,True
/home/wenyu/summer/src/next_alt/models/classic_topology.py,code/classic/NEXT/src/next_alt/models/classic_topology.py,30865,b6c85e1d3a3c90ec82cae7360b15c1c5ba9156b494d8aaa3a8a7f535259b1ecf,Original NEXT architecture/training/inference dependency; historical evaluators retained without fixes,True
/home/wenyu/summer/src/next_alt/models/cnn.py,code/classic/NEXT/src/next_alt/models/cnn.py,16258,5fd7286ad4b0643e306217316588d8b3e64b9a0ece4552d7ea2191033fd8c436,Original NEXT architecture/training/inference dependency; historical evaluators retained without fixes,True
/home/wenyu/summer/src/next_alt/models/graph_topology.py,code/classic/NEXT/src/next_alt/models/graph_topology.py,21973,61c02c8f38abfa7169877eb47c900556efaf7ec703ed770a1165f8878e0a56dc,Original NEXT architecture/training/inference dependency; historical evaluators retained without fixes,True
/home/wenyu/summer/src/next_alt/models/mixer_sparse.py,code/classic/NEXT/src/next_alt/models/mixer_sparse.py,25769,5549d488736f6d957ed7b664c51af7378027cf9f2df16d9fc2e34389902d86a5,Original NEXT architecture/training/inference dependency; historical evaluators retained without fixes,True
/home/wenyu/summer/src/next_alt/models/point_graph.py,code/classic/NEXT/src/next_alt/models/point_graph.py,37028,ade0c49038cc1170948085f23828f49b344875e8c25b20c77fce511ac8a2ae54,Original NEXT architecture/training/inference dependency; historical evaluators retained without fixes,True
/home/wenyu/summer/src/next_alt/models/point_sequence.py,code/classic/NEXT/src/next_alt/models/point_sequence.py,31328,9d6e2b46ff93a99836836d2c9ff92e71354cc17cb6ae7e8569b23676da9b14db,Original NEXT architecture/training/inference dependency; historical evaluators retained without fixes,True
/home/wenyu/summer/src/next_alt/registry.py,code/classic/NEXT/src/next_alt/registry.py,6002,8c5ab6a03c24e2109f1a6316ee5a66f1a1010ff84223ee237ecedc34ea559004,Original NEXT architecture/training/inference dependency; historical evaluators retained without fixes,True
/home/wenyu/summer/src/next_alt/training.py,code/classic/NEXT/src/next_alt/training.py,18270,a301b5bb760c7b6c900f8104638fbde1889cd290f49383cfdcc8be6898b47f2a,Original NEXT architecture/training/inference dependency; historical evaluators retained without fixes,True
/home/wenyu/summer/src/next_cnn/__init__.py,code/classic/NEXT/src/next_cnn/__init__.py,268,8198c9e3642f0a0af9581e53044c102c0f90f5a8ba68a1d5c1922b99a31374cf,Original NEXT architecture/training/inference dependency; historical evaluators retained without fixes,True
/home/wenyu/summer/src/next_cnn/adapter.py,code/classic/NEXT/src/next_cnn/adapter.py,29249,68cffb69e612879174de205d73b104e27f7bfafbabba5ca52a2f1c6770bb1a75,Original NEXT architecture/training/inference dependency; historical evaluators retained without fixes,True
/home/wenyu/summer/src/next_cnn/data.py,code/classic/NEXT/src/next_cnn/data.py,20499,2772cc6f0135ccbdefed795dc8d779d6aff83d1f11bc0f4132a350299d9e4bfc,Original NEXT architecture/training/inference dependency; historical evaluators retained without fixes,True
/home/wenyu/summer/src/next_cnn/model.py,code/classic/NEXT/src/next_cnn/model.py,19483,077d4e1d83b0458ce10d0488d6c30390f1c0434db23a71799807038032a726b6,Original NEXT architecture/training/inference dependency; historical evaluators retained without fixes,True
/home/wenyu/summer/src/energybench/__init__.py,code/classic/NEXT/src/energybench/__init__.py,464,3a962dd4a2f81994ff5afad2146abf19095f66158fdda2063c6a3c61eca59182,Original NEXT architecture/training/inference dependency; historical evaluators retained without fixes,True
/home/wenyu/summer/src/energybench/__main__.py,code/classic/NEXT/src/energybench/__main__.py,63,d7815f9da17bcd8e79d1d47170e5795e29cc5837f97d1049664813068a9e563f,Original NEXT architecture/training/inference dependency; historical evaluators retained without fixes,True
/home/wenyu/summer/src/energybench/adapters.py,code/classic/NEXT/src/energybench/adapters.py,5258,8ff340b4698ff56ae8c628ec30f9cab68f559533d85742b530eab96275006c69,Original NEXT architecture/training/inference dependency; historical evaluators retained without fixes,True
/home/wenyu/summer/src/energybench/cli.py,code/classic/NEXT/src/energybench/cli.py,28183,cbf9bfd1fd50ace2c00e0bb175f72f9557925d2ecc4e83338144b0ce9137d662,Original NEXT architecture/training/inference dependency; historical evaluators retained without fixes,True
/home/wenyu/summer/src/energybench/config.py,code/classic/NEXT/src/energybench/config.py,8552,649d636bc9904e4c681d05cdb374c94a68ccc000c285f9cd0d7034888c385d9c,Original NEXT architecture/training/inference dependency; historical evaluators retained without fixes,True
/home/wenyu/summer/src/energybench/data.py,code/classic/NEXT/src/energybench/data.py,10500,7cefa3a5da36986130e4714dfeb56dbf5aed87cf0e2f9656a446bf816491ddac,Original NEXT architecture/training/inference dependency; historical evaluators retained without fixes,True
/home/wenyu/summer/src/energybench/decorrelation.py,code/classic/NEXT/src/energybench/decorrelation.py,6639,ac6bcce455db4447be2f498b5612085dd08f4a8a6766ada8b54a38e25acb2a85,Original NEXT architecture/training/inference dependency; historical evaluators retained without fixes,True
/home/wenyu/summer/src/energybench/dependence.py,code/classic/NEXT/src/energybench/dependence.py,11657,6754db08e12cdf6c2fd0b66e97b0a1366c087e16f9582addad3a4009c06af545,Original NEXT architecture/training/inference dependency; historical evaluators retained without fixes,True
/home/wenyu/summer/src/energybench/evaluation.py,code/classic/NEXT/src/energybench/evaluation.py,34318,86279a710f40956238f4e95649f57499eee575be7c53c9424ede02f826064148,Original NEXT architecture/training/inference dependency; historical evaluators retained without fixes,True
/home/wenyu/summer/src/energybench/next_workflow.py,code/classic/NEXT/src/energybench/next_workflow.py,13523,ea2a9409949fdb21a0a93332ebd11fa2f11739ec9d41cca80b2ec5b840344c35,Original NEXT architecture/training/inference dependency; historical evaluators retained without fixes,True
/home/wenyu/summer/src/energybench/plotting.py,code/classic/NEXT/src/energybench/plotting.py,11888,a8c54a5c44dd680be0ca8ae5b48d4602da76e816aaf5dd694f99636ac9cbb099,Original NEXT architecture/training/inference dependency; historical evaluators retained without fixes,True
/home/wenyu/summer/src/energybench/regression.py,code/classic/NEXT/src/energybench/regression.py,27401,1dd69f66ab41cfcf65580864a605083b298c9d0aff92b62a14b80bd622ddfd79,Original NEXT architecture/training/inference dependency; historical evaluators retained without fixes,True
/home/wenyu/summer/src/energybench/reporting.py,code/classic/NEXT/src/energybench/reporting.py,20506,3d95b75e7aaad73960b96a4fa4d9e9018eecabc281f249439ede3e5ecdf75c40,Original NEXT architecture/training/inference dependency; historical evaluators retained without fixes,True
/home/wenyu/summer/src/energybench/roc.py,code/classic/NEXT/src/energybench/roc.py,44293,6ea941b67f3bd86de3256772546f0c75b0dedd836fb36bff3da745b3c0ac76b8,Original NEXT architecture/training/inference dependency; historical evaluators retained without fixes,True
/home/wenyu/summer/src/energybench/utils.py,code/classic/NEXT/src/energybench/utils.py,10504,1440404beb2e2a613309f3642609b1afe0c057965d8bea099a4d035b89421476,Original NEXT architecture/training/inference dependency; historical evaluators retained without fixes,True
/home/wenyu/summer/evalutaions_workflow/README.md,code/classic/NEXT/evalutaions_workflow/README.md,9314,03a371aab38792ef8cf06487551a4eb0b743dc9bb08b1aaec3eccc6b05282058,Original NEXT architecture/training/inference dependency; historical evaluators retained without fixes,True
/home/wenyu/summer/evalutaions_workflow/USAGE.md,code/classic/NEXT/evalutaions_workflow/USAGE.md,14460,f684470e752642975dd34d28ad85d7c4464e8cb9e74f6dde42ff1e2ead03e8ac,Original NEXT architecture/training/inference dependency; historical evaluators retained without fixes,True
/home/wenyu/summer/evalutaions_workflow/energybench/__init__.py,code/classic/NEXT/evalutaions_workflow/energybench/__init__.py,651,d451a3aac33cadcf52486bd01f5f7149f11f35c45014bf0ee7d2e0227edaca23,Original NEXT architecture/training/inference dependency; historical evaluators retained without fixes,True
/home/wenyu/summer/evalutaions_workflow/energybench/config.py,code/classic/NEXT/evalutaions_workflow/energybench/config.py,10265,3260620545735c41ed535f15329c103626b9ea81b728b17f40148b333187b1b2,Original NEXT architecture/training/inference dependency; historical evaluators retained without fixes,True
/home/wenyu/summer/evalutaions_workflow/energybench/data.py,code/classic/NEXT/evalutaions_workflow/energybench/data.py,35478,6fcea511acd6796a7fde4fa9306a8f94cc6e37015f0b008a5b479706005a5741,Original NEXT architecture/training/inference dependency; historical evaluators retained without fixes,True
/home/wenyu/summer/evalutaions_workflow/energybench/evaluation.py,code/classic/NEXT/evalutaions_workflow/energybench/evaluation.py,17069,904f0d16adf3e847e06421d0a0af9b4ef07845f6a0439e4d7b481ad4fa3141c9,Original NEXT architecture/training/inference dependency; historical evaluators retained without fixes,True
/home/wenyu/summer/evalutaions_workflow/energybench/metrics.py,code/classic/NEXT/evalutaions_workflow/energybench/metrics.py,57040,7746f47a8d4639d0cdd0c02b038cf9f11bc70af73f6d21c2ffd533c09ac9fad1,Original NEXT architecture/training/inference dependency; historical evaluators retained without fixes,True
/home/wenyu/summer/evalutaions_workflow/energybench/models.py,code/classic/NEXT/evalutaions_workflow/energybench/models.py,3540,275ff4f99f6e387f22fd2db587822d1065ee57c3dfdaac7907e48e2c40536f3c,Original NEXT architecture/training/inference dependency; historical evaluators retained without fixes,True
/home/wenyu/summer/evalutaions_workflow/energybench/plotting.py,code/classic/NEXT/evalutaions_workflow/energybench/plotting.py,10790,d90c96c5c3165989dd04a80269b91eb7950015bb7290c9f3a265fd5c60d44c02,Original NEXT architecture/training/inference dependency; historical evaluators retained without fixes,True
/home/wenyu/summer/evalutaions_workflow/energybench/training.py,code/classic/NEXT/evalutaions_workflow/energybench/training.py,19676,fd21b2fee668d6417a452776ad8be5c4135a51c139aed172be0077e15e8293be,Original NEXT architecture/training/inference dependency; historical evaluators retained without fixes,True
/home/wenyu/summer/evalutaions_workflow/requirements.txt,code/classic/NEXT/evalutaions_workflow/requirements.txt,80,59a5ba70d47441e285ef29aa3b74b9de11ec39762fac84062b06f4f298db25d0,Original NEXT architecture/training/inference dependency; historical evaluators retained without fixes,True
/home/wenyu/summer/evalutaions_workflow/simple_energybench/__init__.py,code/classic/NEXT/evalutaions_workflow/simple_energybench/__init__.py,1316,45f22e499b34cb5fddbefceff1dcd5136ae3e0f91f4daf2d6a3bf0a6a14e9aaf,Original NEXT architecture/training/inference dependency; historical evaluators retained without fixes,True
/home/wenyu/summer/evalutaions_workflow/tests/test_workflow.py,code/classic/NEXT/evalutaions_workflow/tests/test_workflow.py,17990,42999bc672bb2ab96dad8d3cef7b3fc5817ef0a5cf80d84e873d43d1f5aa5190,Original NEXT architecture/training/inference dependency; historical evaluators retained without fixes,True
/home/wenyu/summer/requirements/next-cnn-cu128.txt,code/classic/NEXT/requirements/next-cnn-cu128.txt,201,94d5c5e91713efdef7934268b21b3474306da830629520b2512ce8697a31fe15,Original NEXT architecture/training/inference dependency; historical evaluators retained without fixes,True
/home/wenyu/summer/requirements/nontransformer.txt,code/classic/NEXT/requirements/nontransformer.txt,135,88b3b1d0623311afa5ed2d0e8a2f208357dc23d639e0abbfaea0b105be25b199,Original NEXT architecture/training/inference dependency; historical evaluators retained without fixes,True
/home/wenyu/summer/manifests/next_0nubb_vs_bi214.yaml,code/classic/NEXT/manifests/next_0nubb_vs_bi214.yaml,1638,f3437261a6caf53d752764ff9bc4195550fa06276027da39ec4767097c3e286e,Original NEXT architecture/training/inference dependency; historical evaluators retained without fixes,True
/home/wenyu/summer/manifests/next_0nubb_vs_bi214_multitask.yaml,code/classic/NEXT/manifests/next_0nubb_vs_bi214_multitask.yaml,1629,5116965ad5637c0b7d360a21491f8dbe9d9ea4e72a96575d1a424bbfabe4c526,Original NEXT architecture/training/inference dependency; historical evaluators retained without fixes,True
/home/wenyu/summer/manifests/next_0nubb_vs_bi214_no_energy.yaml,code/classic/NEXT/manifests/next_0nubb_vs_bi214_no_energy.yaml,1395,8e5287760b0cc6a2bded04d24559b4bfccd1f8f15ce3edb90fe62c2613988e5a,Original NEXT architecture/training/inference dependency; historical evaluators retained without fixes,True
/home/wenyu/summer/manifests/next_archives.sha256,code/classic/NEXT/manifests/next_archives.sha256,1632,0b57f1a2c33cdbe8525413d8d8cbfd3725d1d525644d056bc65f87654e8c96e3,Original NEXT architecture/training/inference dependency; historical evaluators retained without fixes,True
/home/wenyu/summer/manifests/next_energy_regression.yaml,code/classic/NEXT/manifests/next_energy_regression.yaml,1412,ec0967c7f21254bf273cea661bae49e48bb0162211216260bb65029d4d1030db,Original NEXT architecture/training/inference dependency; historical evaluators retained without fixes,True
/home/wenyu/summer/tests/test_architecture_workflow_data.py,code/classic/NEXT/tests/test_architecture_workflow_data.py,6034,fdb2040bd3bd0efffd1ed52c4fe43a38fa1204407a2848c57f7c124224259b28,Original NEXT architecture/training/inference dependency; historical evaluators retained without fixes,True
/home/wenyu/summer/tests/test_cnn003_energy_regression.py,code/classic/NEXT/tests/test_cnn003_energy_regression.py,15392,02bb9082e58cd6886225e3ecb13193e508999c34926755985df9baf5714dae9e,Original NEXT architecture/training/inference dependency; historical evaluators retained without fixes,True
/home/wenyu/summer/README.md,code/classic/NEXT/README.md,9472,a8b12542a8a70f66023050f3b8adaf31c0aafe91861d9bac46b7484badcb730a,Original project metadata/dependencies; unmodified,True
/home/wenyu/summer/LICENSE,code/classic/NEXT/LICENSE,1081,4ce5a3d6855e352d29a2dc023a7de6b40859276ed8d3c25673f52e68cbc900dd,Original project metadata/dependencies; unmodified,True
/home/wenyu/summer/pyproject.toml,code/classic/NEXT/pyproject.toml,772,727acf0f1678d375061ab413ad41c89186101d256cd8bdc772b8602cb515f57c,Original project metadata/dependencies; unmodified,True
/home/wenyu/summer/uv.lock,code/classic/NEXT/uv.lock,49219,f71300f0e0e7ec0131192d5a84e7be49100107c7ac0723af19f7628b600c3a93,Original project metadata/dependencies; unmodified,True
/home/wenyu/summer/.python-version,code/classic/NEXT/.python-version,5,49a506dd32096b010d75205acf3430c9ae6c40351888129499e5a5e487126c93,Original project metadata/dependencies; unmodified,True
/home/wenyu/summer/docs/ALTERNATIVE_ARCHITECTURES.md,code/classic/NEXT/docs/ALTERNATIVE_ARCHITECTURES.md,8415,253356a7d058f5400a5fe930078fb4f9fb8511d0d925789bac83019c996402ed,Original source documentation; historical protocol caveats apply,True
/home/wenyu/summer/docs/NONTRANSFORMER_V2_TRAINING.md,code/classic/NEXT/docs/NONTRANSFORMER_V2_TRAINING.md,5580,7a4addeef756f4545fc417edb27f6002387e14a34683ea490132740635b4803e,Original source documentation; historical protocol caveats apply,True
/home/wenyu/summer/docs/USAGE_GUIDE_EN.md,code/classic/NEXT/docs/USAGE_GUIDE_EN.md,12105,39a966c0eb6201348573d599ba83e8afe7860be51db7e8a159012f4af8d89909,Original source documentation; historical protocol caveats apply,True
/home/wenyu/summer/requirements/next-cnn-cu128.txt,environments/classic/NEXT/next-cnn-cu128.txt,201,94d5c5e91713efdef7934268b21b3474306da830629520b2512ce8697a31fe15,Original dependency declarations,True
/home/wenyu/summer/requirements/nontransformer.txt,environments/classic/NEXT/nontransformer.txt,135,88b3b1d0623311afa5ed2d0e8a2f208357dc23d639e0abbfaea0b105be25b199,Original dependency declarations,True
/home/wenyu/summer/uv.lock,environments/classic/NEXT/uv.lock,49219,f71300f0e0e7ec0131192d5a84e7be49100107c7ac0723af19f7628b600c3a93,Original environment lock; not a new resolution,True
/home/wenyu/summer/03_training_runs/energybench_campaigns/20260808_energybench_rewrite_v2/manifest.json,code/classic/NEXT/run_records/canonical_campaign/manifest.json,69909,6cdf8a3af64baeb45052d0fc0be45cb070eb8d9328c10b57cbd25f5039200b46,Original retained-campaign configuration and exact event split,True
/home/wenyu/summer/03_training_runs/energybench_campaigns/20260808_energybench_rewrite_v2/event_split.json,code/classic/NEXT/run_records/canonical_campaign/event_split.json,7294332,b4460785f2234ef63984ceb100c40695aa69fdb7aa338d72c27d68d8dd08ab18,Original retained-campaign configuration and exact event split,True
/home/wenyu/summer/03_training_runs/energybench_campaigns/20260808_energybench_rewrite_v2/runs/classic_001_topology_xgboost/classification/run_summary.json,code/classic/NEXT/run_records/canonical_campaign/runs/classic_001_topology_xgboost/classification/run_summary.json,4138,dc0d7b7b3e0337b3cd7c528b278c8e505f58cef89fe82fe3f268faedc1b2fd8d,Original retained-campaign model configuration/history,True
/home/wenyu/summer/03_training_runs/energybench_campaigns/20260808_energybench_rewrite_v2/runs/classic_001_topology_xgboost/classification/training/history.json,code/classic/NEXT/run_records/canonical_campaign/runs/classic_001_topology_xgboost/classification/training/history.json,20241,f261a4c1f0b9b7b84a8e45e2e25d511e2fde3b0bfdb997d10c02cdcbc3b91bec,Original retained-campaign model configuration/history,True
/home/wenyu/summer/03_training_runs/energybench_campaigns/20260808_energybench_rewrite_v2/runs/cnn_001_two_conv_baseline/classification/run_summary.json,code/classic/NEXT/run_records/canonical_campaign/runs/cnn_001_two_conv_baseline/classification/run_summary.json,3602,93b2c1bf685e133f40f2687726ecb4feed03afd9799d3686b44a5e1fc682a628,Original retained-campaign model configuration/history,True
/home/wenyu/summer/03_training_runs/energybench_campaigns/20260808_energybench_rewrite_v2/runs/cnn_001_two_conv_baseline/classification/training/history.json,code/classic/NEXT/run_records/canonical_campaign/runs/cnn_001_two_conv_baseline/classification/training/history.json,15923,8e06e5485f5b88c4605b2e01a4277857d58d5a14d5b6a22296a36ab1ef329cf1,Original retained-campaign model configuration/history,True
/home/wenyu/summer/03_training_runs/energybench_campaigns/20260808_energybench_rewrite_v2/runs/cnn_002_global_energy_skip/classification/run_summary.json,code/classic/NEXT/run_records/canonical_campaign/runs/cnn_002_global_energy_skip/classification/run_summary.json,3688,fae07982c92aff6d8cafc13f893bd9e594e0f4d7c126557f5f3b3b454cbeebf0,Original retained-campaign model configuration/history,True
/home/wenyu/summer/03_training_runs/energybench_campaigns/20260808_energybench_rewrite_v2/runs/cnn_002_global_energy_skip/classification/training/history.json,code/classic/NEXT/run_records/canonical_campaign/runs/cnn_002_global_energy_skip/classification/training/history.json,16010,dfb399e9c4ad8382b89ec7313ce7dfd8ae9f68222986afe0f1da8d89309fa713,Original retained-campaign model configuration/history,True
/home/wenyu/summer/03_training_runs/energybench_campaigns/20260808_energybench_rewrite_v2/runs/cnn_003_residual_spatial/classification/run_summary.json,code/classic/NEXT/run_records/canonical_campaign/runs/cnn_003_residual_spatial/classification/run_summary.json,3659,37c5a9afbf2bc5dd9f6096bd2bfae9a34c2f6d2b20297c58b7ed8e2c6f652b86,Original retained-campaign model configuration/history,True
/home/wenyu/summer/03_training_runs/energybench_campaigns/20260808_energybench_rewrite_v2/runs/cnn_003_residual_spatial/classification/training/history.json,code/classic/NEXT/run_records/canonical_campaign/runs/cnn_003_residual_spatial/classification/training/history.json,6123,6f8c29c0440b502aca922d65c03c60ee39b5f83c557ba9efa1931e94a47ca2a1,Original retained-campaign model configuration/history,True
/home/wenyu/summer/03_training_runs/energybench_campaigns/20260808_energybench_rewrite_v2/runs/cnn_004_multiview_late_fusion/classification/run_summary.json,code/classic/NEXT/run_records/canonical_campaign/runs/cnn_004_multiview_late_fusion/classification/run_summary.json,3920,a978ff3590d0f6db9d1337041033a65b6b3b1bef549f752fbf09dd3c79d1146b,Original retained-campaign model configuration/history,True
/home/wenyu/summer/03_training_runs/energybench_campaigns/20260808_energybench_rewrite_v2/runs/cnn_004_multiview_late_fusion/classification/training/history.json,code/classic/NEXT/run_records/canonical_campaign/runs/cnn_004_multiview_late_fusion/classification/training/history.json,7096,d1fa3cf23f6b43bb5adf9fea54a95a35ee2d1e0c6acaf769ab5d0f44e9f4c965,Original retained-campaign model configuration/history,True
/home/wenyu/summer/03_training_runs/energybench_campaigns/20260808_energybench_rewrite_v2/runs/cnn_005_multiscale_projection/classification/run_summary.json,code/classic/NEXT/run_records/canonical_campaign/runs/cnn_005_multiscale_projection/classification/run_summary.json,3972,fdbeda0b41154698d6ea43a69750bc106ef74f6a44e80d3c54d7e4f9f5f14115,Original retained-campaign model configuration/history,True
/home/wenyu/summer/03_training_runs/energybench_campaigns/20260808_energybench_rewrite_v2/runs/cnn_005_multiscale_projection/classification/training/history.json,code/classic/NEXT/run_records/canonical_campaign/runs/cnn_005_multiscale_projection/classification/training/history.json,5644,21781f49e000c37df23fc65ba18ee76d86887b52d2e9ab649148438ba5e4d55a,Original retained-campaign model configuration/history,True
/home/wenyu/summer/03_training_runs/energybench_campaigns/20260808_energybench_rewrite_v2/runs/cnn_006_dense_3d_resnet/classification/run_summary.json,code/classic/NEXT/run_records/canonical_campaign/runs/cnn_006_dense_3d_resnet/classification/run_summary.json,3757,479ef27b8dda10ef52b25f0ea06509c699dac6e780084b10ae781d24e15fcaa1,Original retained-campaign model configuration/history,True
/home/wenyu/summer/03_training_runs/energybench_campaigns/20260808_energybench_rewrite_v2/runs/cnn_006_dense_3d_resnet/classification/training/history.json,code/classic/NEXT/run_records/canonical_campaign/runs/cnn_006_dense_3d_resnet/classification/training/history.json,6182,fb452e384c0f7591e45fb92f3cc8bede742f790568aeb7ed85a6adbdeab94aae,Original retained-campaign model configuration/history,True
/home/wenyu/summer/03_training_runs/energybench_campaigns/20260808_energybench_rewrite_v2/runs/gnn_001_static_gine/classification/run_summary.json,code/classic/NEXT/run_records/canonical_campaign/runs/gnn_001_static_gine/classification/run_summary.json,3785,e39764f2156bc0bd098f311d7f3d06835f32fdd106453345473e1f221d9549c6,Original retained-campaign model configuration/history,True
/home/wenyu/summer/03_training_runs/energybench_campaigns/20260808_energybench_rewrite_v2/runs/gnn_001_static_gine/classification/training/history.json,code/classic/NEXT/run_records/canonical_campaign/runs/gnn_001_static_gine/classification/training/history.json,11995,975c1598e8a74241846e24283a4118836bca73121991e697d11c85b2738ff970,Original retained-campaign model configuration/history,True
/home/wenyu/summer/03_training_runs/energybench_campaigns/20260808_energybench_rewrite_v2/runs/gnn_002_particlenet_edgeconv/classification/run_summary.json,code/classic/NEXT/run_records/canonical_campaign/runs/gnn_002_particlenet_edgeconv/classification/run_summary.json,3817,3645d6c41e2cc632aa328853848b0210fc68c8bf2e87f4f3afa37140fb30c092,Original retained-campaign model configuration/history,True
/home/wenyu/summer/03_training_runs/energybench_campaigns/20260808_energybench_rewrite_v2/runs/gnn_002_particlenet_edgeconv/classification/training/history.json,code/classic/NEXT/run_records/canonical_campaign/runs/gnn_002_particlenet_edgeconv/classification/training/history.json,9712,17718a9c6b441a7cb08df6eb78caf5e83d5c41946b26c3361561b8c27371484b,Original retained-campaign model configuration/history,True
/home/wenyu/summer/03_training_runs/energybench_campaigns/20260808_energybench_rewrite_v2/runs/gnn_003_egnn/classification/run_summary.json,code/classic/NEXT/run_records/canonical_campaign/runs/gnn_003_egnn/classification/run_summary.json,3775,417d712b918e0158f67a36e09788e724ed2ad2f299183f237ac7ebd2071ca6c2,Original retained-campaign model configuration/history,True
/home/wenyu/summer/03_training_runs/energybench_campaigns/20260808_energybench_rewrite_v2/runs/gnn_003_egnn/classification/training/history.json,code/classic/NEXT/run_records/canonical_campaign/runs/gnn_003_egnn/classification/training/history.json,4696,4fa789a33fb1d4a91b9fc88ad19aa19cf262c7a2448522d98069d75ba3ad3df2,Original retained-campaign model configuration/history,True
/home/wenyu/summer/03_training_runs/energybench_campaigns/20260808_energybench_rewrite_v2/runs/gnn_004_gravnet/classification/run_summary.json,code/classic/NEXT/run_records/canonical_campaign/runs/gnn_004_gravnet/classification/run_summary.json,3789,b8df1df59f2a69e49f899cdb9fdb26466105164a43391c5f6d2ad59b32a71e89,Original retained-campaign model configuration/history,True
/home/wenyu/summer/03_training_runs/energybench_campaigns/20260808_energybench_rewrite_v2/runs/gnn_004_gravnet/classification/training/history.json,code/classic/NEXT/run_records/canonical_campaign/runs/gnn_004_gravnet/classification/training/history.json,14026,be183f47f8467ea96a2fbab7e7130004348409b133cf4f4dd01a8fefe0031fb9,Original retained-campaign model configuration/history,True
/home/wenyu/summer/03_training_runs/energybench_campaigns/20260808_energybench_rewrite_v2/runs/gnn_005_dimenet_lite/classification/run_summary.json,code/classic/NEXT/run_records/canonical_campaign/runs/gnn_005_dimenet_lite/classification/run_summary.json,3853,5fa233d0be42e464f384ffe7c86e655ea6adea38f64b43f7b6b09d061f41ab4d,Original retained-campaign model configuration/history,True
/home/wenyu/summer/03_training_runs/energybench_campaigns/20260808_energybench_rewrite_v2/runs/gnn_005_dimenet_lite/classification/training/history.json,code/classic/NEXT/run_records/canonical_campaign/runs/gnn_005_dimenet_lite/classification/training/history.json,7415,a89e65c840ab5483f50b09f268b09a90b793476a3083640c2002141aca88e55c,Original retained-campaign model configuration/history,True
/home/wenyu/summer/03_training_runs/energybench_campaigns/20260808_energybench_rewrite_v2/runs/hybrid_001_cnn_gnn/classification/run_summary.json,code/classic/NEXT/run_records/canonical_campaign/runs/hybrid_001_cnn_gnn/classification/run_summary.json,4046,d2db74c355c7244b8f6eac16344941387382b37c6b8c80e7b434f5aa77db2c14,Original retained-campaign model configuration/history,True
/home/wenyu/summer/03_training_runs/energybench_campaigns/20260808_energybench_rewrite_v2/runs/hybrid_001_cnn_gnn/classification/training/history.json,code/classic/NEXT/run_records/canonical_campaign/runs/hybrid_001_cnn_gnn/classification/training/history.json,9164,4d02fc2fa0358ec670f880fa44ef4f430c994ccca58fb91a297e8efe9f29a6c6,Original retained-campaign model configuration/history,True
/home/wenyu/summer/03_training_runs/energybench_campaigns/20260808_energybench_rewrite_v2/runs/mixer_001_projection_mlp_mixer/classification/run_summary.json,code/classic/NEXT/run_records/canonical_campaign/runs/mixer_001_projection_mlp_mixer/classification/run_summary.json,4036,2143e579f8f4ee3d12debd24c00e9d559e874ab5715daa800641dcc101f9ff27,Original retained-campaign model configuration/history,True
/home/wenyu/summer/03_training_runs/energybench_campaigns/20260808_energybench_rewrite_v2/runs/mixer_001_projection_mlp_mixer/classification/training/history.json,code/classic/NEXT/run_records/canonical_campaign/runs/mixer_001_projection_mlp_mixer/classification/training/history.json,6307,7bea80972d716d5a4cdd022bc288988c3881b6779074f35b6d8d2aff03653240,Original retained-campaign model configuration/history,True
/home/wenyu/summer/03_training_runs/energybench_campaigns/20260808_energybench_rewrite_v2/runs/point_001_deepsets/classification/run_summary.json,code/classic/NEXT/run_records/canonical_campaign/runs/point_001_deepsets/classification/run_summary.json,3746,c15ee4b14fda28e63e74aa0a6159622ca0d1263f95b14c2890f883f64db59392,Original retained-campaign model configuration/history,True
/home/wenyu/summer/03_training_runs/energybench_campaigns/20260808_energybench_rewrite_v2/runs/point_001_deepsets/classification/training/history.json,code/classic/NEXT/run_records/canonical_campaign/runs/point_001_deepsets/classification/training/history.json,16013,61f10354b061b71a26c4432c97a12c9a2da6f567ad5ec1347fcc457ab64dff56,Original retained-campaign model configuration/history,True
/home/wenyu/summer/03_training_runs/energybench_campaigns/20260808_energybench_rewrite_v2/runs/point_002_pointnetpp/classification/run_summary.json,code/classic/NEXT/run_records/canonical_campaign/runs/point_002_pointnetpp/classification/run_summary.json,3841,236bcc835e9795eba9b55d4be9ba42496b512372c427e93eef0c9887f73fcec5,Original retained-campaign model configuration/history,True
/home/wenyu/summer/03_training_runs/energybench_campaigns/20260808_energybench_rewrite_v2/runs/point_002_pointnetpp/classification/training/history.json,code/classic/NEXT/run_records/canonical_campaign/runs/point_002_pointnetpp/classification/training/history.json,9426,60f5bc2f837dbced6e310248ceeffdd995ad86789e0204f51475b4003dff7fea,Original retained-campaign model configuration/history,True
/home/wenyu/summer/03_training_runs/energybench_campaigns/20260808_energybench_rewrite_v2/runs/point_003_pointmlp/classification/run_summary.json,code/classic/NEXT/run_records/canonical_campaign/runs/point_003_pointmlp/classification/run_summary.json,3778,06da2d88f148da909d0ae67764175f7ada2a2114ea741f0113d29de2cfe9c98c,Original retained-campaign model configuration/history,True
/home/wenyu/summer/03_training_runs/energybench_campaigns/20260808_energybench_rewrite_v2/runs/point_003_pointmlp/classification/training/history.json,code/classic/NEXT/run_records/canonical_campaign/runs/point_003_pointmlp/classification/training/history.json,11992,2eb9888c82959c3284f87de7251d0a90bd7ce7d5172e7b85b151431e0dabe026,Original retained-campaign model configuration/history,True
/home/wenyu/summer/03_training_runs/energybench_campaigns/20260808_energybench_rewrite_v2/runs/point_004_rigid_kpconv/classification/run_summary.json,code/classic/NEXT/run_records/canonical_campaign/runs/point_004_rigid_kpconv/classification/run_summary.json,3912,f57165f5764b6701f632b1990f869ab7bf2876e1bb2f70a6dcadc729ca3474a3,Original retained-campaign model configuration/history,True
/home/wenyu/summer/03_training_runs/energybench_campaigns/20260808_energybench_rewrite_v2/runs/point_004_rigid_kpconv/classification/training/history.json,code/classic/NEXT/run_records/canonical_campaign/runs/point_004_rigid_kpconv/classification/training/history.json,6027,46fa6f5869b740090886a263c5d55d64988933a5e27b03b8a08b72399b938ef5,Original retained-campaign model configuration/history,True
/home/wenyu/summer/03_training_runs/energybench_campaigns/20260808_energybench_rewrite_v2/runs/seq_001_bigru/classification/run_summary.json,code/classic/NEXT/run_records/canonical_campaign/runs/seq_001_bigru/classification/run_summary.json,3779,34508ef505db391d254b75b7078f7445e80e29bff727155dba344f7073709eb5,Original retained-campaign model configuration/history,True
/home/wenyu/summer/03_training_runs/energybench_campaigns/20260808_energybench_rewrite_v2/runs/seq_001_bigru/classification/training/history.json,code/classic/NEXT/run_records/canonical_campaign/runs/seq_001_bigru/classification/training/history.json,9064,97ecb3e2c5138fe3ba1b8825c189ab76e23072e66869d89d08fbb4f5f27f926b,Original retained-campaign model configuration/history,True
/home/wenyu/summer/03_training_runs/energybench_campaigns/20260808_energybench_rewrite_v2/runs/seq_002_dilated_tcn/classification/run_summary.json,code/classic/NEXT/run_records/canonical_campaign/runs/seq_002_dilated_tcn/classification/run_summary.json,3823,31cd2cbd649c02e140ac687875eada3f44989649ac8931eb24df45c937a55f6a,Original retained-campaign model configuration/history,True
/home/wenyu/summer/03_training_runs/energybench_campaigns/20260808_energybench_rewrite_v2/runs/seq_002_dilated_tcn/classification/training/history.json,code/classic/NEXT/run_records/canonical_campaign/runs/seq_002_dilated_tcn/classification/training/history.json,8243,3e7016ff3259c6b929443ecb1bd6ecb27e6b91aa364f2dc2a9c1ae5c6f8176c0,Original retained-campaign model configuration/history,True
/home/wenyu/summer/03_training_runs/energybench_campaigns/20260808_energybench_rewrite_v2/runs/sparse_001_submanifold_resnet/classification/run_summary.json,code/classic/NEXT/run_records/canonical_campaign/runs/sparse_001_submanifold_resnet/classification/run_summary.json,3874,0a65103d5bdd0bce5fdf2e352fd395672a8e1eff6a2b54b9fa7edd456a86959d,Original retained-campaign model configuration/history,True
/home/wenyu/summer/03_training_runs/energybench_campaigns/20260808_energybench_rewrite_v2/runs/sparse_001_submanifold_resnet/classification/training/history.json,code/classic/NEXT/run_records/canonical_campaign/runs/sparse_001_submanifold_resnet/classification/training/history.json,5708,b2ff83f4fdbf65f695fc171b2d42c4521f97b8f611cecda46c602f3590343f04,Original retained-campaign model configuration/history,True
/home/wenyu/summer/03_training_runs/energybench_campaigns/20260808_energybench_rewrite_v2/runs/topo_001_persistence_perslay/classification/run_summary.json,code/classic/NEXT/run_records/canonical_campaign/runs/topo_001_persistence_perslay/classification/run_summary.json,3838,56e567a6c4fbbf87af258a8d2d03de1ee00f4237899d0da2715b3a2ea5a5ea85,Original retained-campaign model configuration/history,True
/home/wenyu/summer/03_training_runs/energybench_campaigns/20260808_energybench_rewrite_v2/runs/topo_001_persistence_perslay/classification/training/history.json,code/classic/NEXT/run_records/canonical_campaign/runs/topo_001_persistence_perslay/classification/training/history.json,16082,b2e2c39b2a781b9461f43578031ef086ca3e12ca11c657d89a058d52a26ffd0a,Original retained-campaign model configuration/history,True
/home/wenyu/iclr final paper/unified_5kev_evaluation/sources/next_mjd/manifest.json,provenance/classic_source_audits/next_mjd/manifest.json,5713193,b4d81c35b26b01fd60520ff8dc9db914ec2895c9e4174522ef51098988b56d76,Prior event-input audit; external predictions are referenced but not copied,True
/home/wenyu/iclr final paper/unified_5kev_evaluation/sources/next_mjd/exploratory/manifest.json,provenance/classic_source_audits/next_mjd/exploratory/manifest.json,71416,acd3a214a59e7126647cbcd7a9130d46ff670dd2ff6893f7675de27bf59a87d7,Prior event-input audit; external predictions are referenced but not copied,True
/home/wenyu/iclr final paper/unified_5kev_evaluation/sources/exo_sn/manifest.json,provenance/classic_source_audits/exo_sn/manifest.json,207449,7e462ca046359a8debac029ddcf9bd2aef96c12d0ef52fc29ef5d262ac0c7690,Prior event-input audit; external predictions are referenced but not copied,True
/home/wenyu/summer/03_training_runs/campaigns/20260803_200356/ssm_001_pointmamba/attempt_001/history.json,code/classic/NEXT/run_records/exploratory_pointmamba/history.json,11530,b5f5f99128d8726d68e9641e43add5a9f5bf28176c29eef2854527282a13d072,Published earlier PointMamba-lite run configuration/history,True
/home/wenyu/summer/03_training_runs/campaigns/20260803_200356/ssm_001_pointmamba/attempt_001/config.snapshot.yaml,code/classic/NEXT/run_records/exploratory_pointmamba/config.snapshot.yaml,1158,17fa84c825c1c804f1c16e98caa4b68f0621258931c05ef5d24d003016b121e2,Published earlier PointMamba-lite run configuration/history,True
/home/wenyu/summer/03_training_runs/campaigns/20260803_200356/ssm_001_pointmamba/attempt_001/run_summary.json,code/classic/NEXT/run_records/exploratory_pointmamba/run_summary.json,1444,303979b17ba39c634d0a0a0b87a4060465c2b5ba3f01222d999bda13e2203529,Published earlier PointMamba-lite run configuration/history,True
